dpa_provin,periodo,anio,trimestre,homicidios,homicidios_ASESINATO,homicidios_FEMICIDIO,homicidios_HOMICIDIO,homicidios_SICARIATO,poblacion,tasa_homicidios_100k
01,2018-Q1,2018,1,10,5,2,3,0,808420.0,1.2369807773187205
01,2018-Q2,2018,2,13,8,0,5,0,808420.0,1.6080750105143367
01,2018-Q3,2018,3,10,5,2,3,0,808420.0,1.2369807773187205
01,2018-Q4,2018,4,5,2,0,3,0,808420.0,0.6184903886593602
01,2019-Q1,2019,1,3,3,0,0,0,820239.0,0.3657470566505616
01,2019-Q2,2019,2,12,7,1,4,0,820239.0,1.4629882266022465
01,2019-Q3,2019,3,4,2,0,2,0,820239.0,0.4876627422007488
01,2019-Q4,2019,4,5,3,0,2,0,820239.0,0.609578427750936
01,2020-Q1,2020,1,10,7,0,3,0,825590.0,1.2112549812861106
01,2020-Q2,2020,2,7,1,2,4,0,825590.0,0.8478784869002773
01,2020-Q3,2020,3,6,2,1,3,0,825590.0,0.7267529887716663
01,2020-Q4,2020,4,10,5,1,4,0,825590.0,1.2112549812861106
01,2021-Q1,2021,1,41,36,2,3,0,825773.0,4.965044873106774
01,2021-Q2,2021,2,7,2,2,3,0,825773.0,0.8476905880914004
01,2021-Q3,2021,3,4,2,0,2,0,825773.0,0.48439462176651454
01,2021-Q4,2021,4,7,3,0,4,0,825773.0,0.8476905880914004
01,2022-Q1,2022,1,14,9,0,5,0,826246.0,1.6944106234704919
01,2022-Q2,2022,2,37,30,4,3,0,826246.0,4.478085219172014
01,2022-Q3,2022,3,11,9,1,1,0,826246.0,1.331322632726815
01,2022-Q4,2022,4,13,10,1,2,0,826246.0,1.5733812932225997
01,2023-Q1,2023,1,16,13,0,3,0,828172.0,1.9319658235245818
01,2023-Q2,2023,2,14,12,0,2,0,828172.0,1.690470095584009
01,2023-Q3,2023,3,17,9,0,8,0,828172.0,2.0527136874948684
01,2023-Q4,2023,4,11,8,1,2,0,828172.0,1.32822650367315
01,2024-Q1,2024,1,10,5,1,4,0,831220.0,1.20305093717668
01,2024-Q2,2024,2,38,33,1,3,1,831220.0,4.571593561271384
01,2024-Q3,2024,3,32,32,0,0,0,831220.0,3.8497629989653763
01,2024-Q4,2024,4,10,9,1,0,0,831220.0,1.20305093717668
01,2025-Q1,2025,1,8,4,1,3,0,834958.0,0.9581320258024955
01,2025-Q2,2025,2,5,4,1,0,0,834958.0,0.5988325161265596
01,2025-Q3,2025,3,7,6,1,0,0,834958.0,0.8383655225771836
01,2025-Q4,2025,4,19,15,0,2,2,834958.0,2.2755635612809266
01,2026-Q1,2026,1,12,9,0,2,1,839268.0,1.429817412316447
01,2026-Q2,2026,2,10,8,0,2,0,839268.0,1.191514510263706
02,2018-Q1,2018,1,4,4,0,0,0,209822.0,1.9063777868860272
02,2018-Q2,2018,2,2,1,1,0,0,209822.0,0.9531888934430136
02,2018-Q3,2018,3,3,3,0,0,0,209822.0,1.4297833401645204
02,2018-Q4,2018,4,3,3,0,0,0,209822.0,1.4297833401645204
02,2019-Q1,2019,1,1,1,0,0,0,209046.0,0.47836361375008374
02,2019-Q2,2019,2,0,0,0,0,0,209046.0,0.0
02,2019-Q3,2019,3,2,2,0,0,0,209046.0,0.9567272275001675
02,2019-Q4,2019,4,6,2,0,1,3,209046.0,2.8701816825005024
02,2020-Q1,2020,1,0,0,0,0,0,207926.0,0.0
02,2020-Q2,2020,2,3,1,2,0,0,207926.0,1.44282100362629
02,2020-Q3,2020,3,2,1,1,0,0,207926.0,0.9618806690841935
02,2020-Q4,2020,4,7,4,0,3,0,207926.0,3.3665823417946767
02,2021-Q1,2021,1,3,0,0,3,0,206608.0,1.4520250909935724
02,2021-Q2,2021,2,2,2,0,0,0,206608.0,0.9680167273290482
02,2021-Q3,2021,3,1,1,0,0,0,206608.0,0.4840083636645241
02,2021-Q4,2021,4,1,1,0,0,0,206608.0,0.4840083636645241
02,2022-Q1,2022,1,2,1,0,0,1,205544.0,0.9730276729070175
02,2022-Q2,2022,2,5,3,2,0,0,205544.0,2.4325691822675437
02,2022-Q3,2022,3,2,1,0,1,0,205544.0,0.9730276729070175
02,2022-Q4,2022,4,4,2,0,2,0,205544.0,1.946055345814035
02,2023-Q1,2023,1,4,2,2,0,0,204819.0,1.9529438186886958
02,2023-Q2,2023,2,6,5,0,1,0,204819.0,2.9294157280330437
02,2023-Q3,2023,3,5,4,1,0,0,204819.0,2.44117977336087
02,2023-Q4,2023,4,9,9,0,0,0,204819.0,4.394123592049565
02,2024-Q1,2024,1,8,8,0,0,0,204410.0,3.9137028521109536
02,2024-Q2,2024,2,3,2,1,0,0,204410.0,1.4676385695416077
02,2024-Q3,2024,3,6,3,0,3,0,204410.0,2.9352771390832153
02,2024-Q4,2024,4,13,13,0,0,0,204410.0,6.3597671346802995
02,2025-Q1,2025,1,8,7,0,1,0,204351.0,3.9148328121712153
02,2025-Q2,2025,2,14,14,0,0,0,204351.0,6.8509574212996265
02,2025-Q3,2025,3,5,5,0,0,0,204351.0,2.4467705076070096
02,2025-Q4,2025,4,10,9,0,1,0,204351.0,4.893541015214019
02,2026-Q1,2026,1,4,4,0,0,0,204620.0,1.9548431238393118
02,2026-Q2,2026,2,7,6,0,1,0,204620.0,3.420975466718796
03,2018-Q1,2018,1,2,2,0,0,0,237689.0,0.8414356575188586
03,2018-Q2,2018,2,4,2,0,2,0,237689.0,1.6828713150377173
03,2018-Q3,2018,3,1,1,0,0,0,237689.0,0.4207178287594293
03,2018-Q4,2018,4,3,2,0,1,0,237689.0,1.262153486278288
03,2019-Q1,2019,1,1,1,0,0,0,237967.0,0.4202263339034404
03,2019-Q2,2019,2,6,3,0,3,0,237967.0,2.521358003420642
03,2019-Q3,2019,3,3,3,0,0,0,237967.0,1.260679001710321
03,2019-Q4,2019,4,4,4,0,0,0,237967.0,1.6809053356137615
03,2020-Q1,2020,1,4,3,0,1,0,238020.0,1.6805310478111084
03,2020-Q2,2020,2,6,5,0,0,1,238020.0,2.5207965717166623
03,2020-Q3,2020,3,8,6,0,2,0,238020.0,3.361062095622217
03,2020-Q4,2020,4,9,7,1,1,0,238020.0,3.781194857574994
03,2021-Q1,2021,1,18,17,0,1,0,237790.0,7.56970436099079
03,2021-Q2,2021,2,10,10,0,0,0,237790.0,4.2053913116615504
03,2021-Q3,2021,3,29,29,0,0,0,237790.0,12.195634803818495
03,2021-Q4,2021,4,12,12,0,0,0,237790.0,5.0464695739938605
03,2022-Q1,2022,1,28,27,0,1,0,237584.0,11.785305407771567
03,2022-Q2,2022,2,32,31,0,1,0,237584.0,13.468920466024649
03,2022-Q3,2022,3,39,33,1,5,0,237584.0,16.41524681796754
03,2022-Q4,2022,4,24,23,1,0,0,237584.0,10.101690349518487
03,2023-Q1,2023,1,21,20,1,0,0,237527.0,8.841100169664923
03,2023-Q2,2023,2,25,24,0,1,0,237527.0,10.525119249601097
03,2023-Q3,2023,3,35,32,0,3,0,237527.0,14.735166949441536
03,2023-Q4,2023,4,31,27,0,3,1,237527.0,13.051147869505362
03,2024-Q1,2024,1,20,20,0,0,0,237470.0,8.422116477870889
03,2024-Q2,2024,2,42,41,0,1,0,237470.0,17.686444603528866
03,2024-Q3,2024,3,28,27,0,1,0,237470.0,11.790963069019245
03,2024-Q4,2024,4,19,17,0,2,0,237470.0,8.001010653977344
03,2025-Q1,2025,1,18,17,0,1,0,237460.0,7.580224037732671
03,2025-Q2,2025,2,15,15,0,0,0,237460.0,6.316853364777225
03,2025-Q3,2025,3,28,28,0,0,0,237460.0,11.79145961425082
03,2025-Q4,2025,4,38,35,1,2,0,237460.0,16.00269519076897
03,2026-Q1,2026,1,32,31,0,1,0,237517.0,13.472719847421448
03,2026-Q2,2026,2,17,17,0,0,0,237517.0,7.157382418942644
04,2018-Q1,2018,1,3,1,0,2,0,182430.0,1.64446637066272
04,2018-Q2,2018,2,0,0,0,0,0,182430.0,0.0
04,2018-Q3,2018,3,3,1,0,2,0,182430.0,1.64446637066272
04,2018-Q4,2018,4,3,1,1,1,0,182430.0,1.64446637066272
04,2019-Q1,2019,1,2,0,2,0,0,183616.0,1.0892296967584525
04,2019-Q2,2019,2,2,1,0,1,0,183616.0,1.0892296967584525
04,2019-Q3,2019,3,0,0,0,0,0,183616.0,0.0
04,2019-Q4,2019,4,1,0,0,1,0,183616.0,0.5446148483792262
04,2020-Q1,2020,1,3,1,0,2,0,183603.0,1.6339602294080162
04,2020-Q2,2020,2,0,0,0,0,0,183603.0,0.0
04,2020-Q3,2020,3,2,1,1,0,0,183603.0,1.0893068196053441
04,2020-Q4,2020,4,2,1,0,1,0,183603.0,1.0893068196053441
04,2021-Q1,2021,1,2,1,1,0,0,182445.0,1.0962207788648635
04,2021-Q2,2021,2,0,0,0,0,0,182445.0,0.0
04,2021-Q3,2021,3,3,3,0,0,0,182445.0,1.644331168297295
04,2021-Q4,2021,4,1,1,0,0,0,182445.0,0.5481103894324317
04,2022-Q1,2022,1,6,2,3,1,0,180776.0,3.319024649289729
04,2022-Q2,2022,2,2,1,0,1,0,180776.0,1.106341549763243
04,2022-Q3,2022,3,2,0,1,1,0,180776.0,1.106341549763243
04,2022-Q4,2022,4,2,1,0,1,0,180776.0,1.106341549763243
04,2023-Q1,2023,1,2,2,0,0,0,179142.0,1.1164327740005136
04,2023-Q2,2023,2,3,2,0,1,0,179142.0,1.6746491610007703
04,2023-Q3,2023,3,1,1,0,0,0,179142.0,0.5582163870002568
04,2023-Q4,2023,4,7,2,3,2,0,179142.0,3.9075147090017976
04,2024-Q1,2024,1,3,0,1,2,0,177813.0,1.6871657302896863
04,2024-Q2,2024,2,0,0,0,0,0,177813.0,0.0
04,2024-Q3,2024,3,3,1,1,1,0,177813.0,1.6871657302896863
04,2024-Q4,2024,4,2,2,0,0,0,177813.0,1.1247771535264575
04,2025-Q1,2025,1,4,0,0,4,0,177020.0,2.2596316800361542
04,2025-Q2,2025,2,2,1,0,1,0,177020.0,1.1298158400180771
04,2025-Q3,2025,3,5,4,0,1,0,177020.0,2.8245396000451928
04,2025-Q4,2025,4,2,0,0,2,0,177020.0,1.1298158400180771
04,2026-Q1,2026,1,2,0,0,2,0,176748.0,1.131554529612782
04,2026-Q2,2026,2,6,4,0,2,0,176748.0,3.394663588838346
05,2018-Q1,2018,1,3,3,0,0,0,461715.0,0.6497514700627011
05,2018-Q2,2018,2,3,3,0,0,0,461715.0,0.6497514700627011
05,2018-Q3,2018,3,2,1,0,1,0,461715.0,0.43316764670846736
05,2018-Q4,2018,4,3,2,0,1,0,461715.0,0.6497514700627011
05,2019-Q1,2019,1,11,6,4,1,0,466924.0,2.3558437775740804
05,2019-Q2,2019,2,3,2,1,0,0,466924.0,0.6425028484292947
05,2019-Q3,2019,3,8,5,1,2,0,466924.0,1.7133409291447859
05,2019-Q4,2019,4,6,2,0,4,0,466924.0,1.2850056968585895
05,2020-Q1,2020,1,6,4,1,1,0,471628.0,1.2721890981875545
05,2020-Q2,2020,2,6,5,0,1,0,471628.0,1.2721890981875545
05,2020-Q3,2020,3,6,3,2,1,0,471628.0,1.2721890981875545
05,2020-Q4,2020,4,10,8,0,2,0,471628.0,2.1203151636459245
05,2021-Q1,2021,1,11,8,1,2,0,475870.0,2.311555676970601
05,2021-Q2,2021,2,7,2,2,2,1,475870.0,1.470989976254019
05,2021-Q3,2021,3,21,20,1,0,0,475870.0,4.412969928762057
05,2021-Q4,2021,4,8,5,1,2,0,475870.0,1.6811314014331644
05,2022-Q1,2022,1,6,6,0,0,0,480270.0,1.2492972702854643
05,2022-Q2,2022,2,6,1,3,2,0,480270.0,1.2492972702854643
05,2022-Q3,2022,3,3,3,0,0,0,480270.0,0.6246486351427322
05,2022-Q4,2022,4,16,16,0,0,0,480270.0,3.331459387427905
05,2023-Q1,2023,1,6,3,2,1,0,484792.0,1.2376441855476163
05,2023-Q2,2023,2,13,9,3,1,0,484792.0,2.681562402019835
05,2023-Q3,2023,3,9,5,1,3,0,484792.0,1.8564662783214245
05,2023-Q4,2023,4,8,5,2,1,0,484792.0,1.6501922473968218
05,2024-Q1,2024,1,4,3,0,1,0,489147.0,0.8177500833082897
05,2024-Q2,2024,2,7,4,2,1,0,489147.0,1.431062645789507
05,2024-Q3,2024,3,4,3,0,1,0,489147.0,0.8177500833082897
05,2024-Q4,2024,4,12,5,1,5,1,489147.0,2.4532502499248694
05,2025-Q1,2025,1,16,10,0,6,0,493382.0,3.242923333238748
05,2025-Q2,2025,2,9,7,1,1,0,493382.0,1.8241443749467958
05,2025-Q3,2025,3,4,3,0,1,0,493382.0,0.810730833309687
05,2025-Q4,2025,4,12,6,2,4,0,493382.0,2.432192499929061
05,2026-Q1,2026,1,9,6,0,3,0,497544.0,1.8088852443201002
05,2026-Q2,2026,2,12,7,1,4,0,497544.0,2.4118469924268005
06,2018-Q1,2018,1,5,2,2,1,0,500340.0,0.9993204620857816
06,2018-Q2,2018,2,3,2,0,1,0,500340.0,0.599592277251469
06,2018-Q3,2018,3,4,0,0,4,0,500340.0,0.7994563696686253
06,2018-Q4,2018,4,3,2,1,0,0,500340.0,0.599592277251469
06,2019-Q1,2019,1,3,2,0,1,0,499939.0,0.6000732089314896
06,2019-Q2,2019,2,2,1,0,1,0,499939.0,0.4000488059543264
06,2019-Q3,2019,3,7,3,0,4,0,499939.0,1.4001708208401424
06,2019-Q4,2019,4,1,1,0,0,0,499939.0,0.2000244029771632
06,2020-Q1,2020,1,5,3,0,2,0,498371.0,1.0032686492592868
06,2020-Q2,2020,2,3,3,0,0,0,498371.0,0.6019611895555721
06,2020-Q3,2020,3,3,3,0,0,0,498371.0,0.6019611895555721
06,2020-Q4,2020,4,2,1,1,0,0,498371.0,0.4013074597037147
06,2021-Q1,2021,1,5,1,0,4,0,495781.0,1.0085098057408413
06,2021-Q2,2021,2,3,3,0,0,0,495781.0,0.6051058834445048
06,2021-Q3,2021,3,4,4,0,0,0,495781.0,0.806807844592673
06,2021-Q4,2021,4,3,1,1,0,1,495781.0,0.6051058834445048
06,2022-Q1,2022,1,2,2,0,0,0,493084.0,0.4056104030956186
06,2022-Q2,2022,2,2,1,1,0,0,493084.0,0.4056104030956186
06,2022-Q3,2022,3,8,7,0,1,0,493084.0,1.6224416123824743
06,2022-Q4,2022,4,3,2,1,0,0,493084.0,0.6084156046434279
06,2023-Q1,2023,1,8,6,0,2,0,490774.0,1.630078203001789
06,2023-Q2,2023,2,6,5,0,1,0,490774.0,1.2225586522513419
06,2023-Q3,2023,3,9,9,0,0,0,490774.0,1.8338379783770127
06,2023-Q4,2023,4,3,1,0,2,0,490774.0,0.6112793261256709
06,2024-Q1,2024,1,4,2,2,0,0,488857.0,0.8182351894316743
06,2024-Q2,2024,2,5,3,0,2,0,488857.0,1.0227939867895928
06,2024-Q3,2024,3,2,0,0,2,0,488857.0,0.40911759471583714
06,2024-Q4,2024,4,1,0,0,1,0,488857.0,0.20455879735791857
06,2025-Q1,2025,1,7,6,0,1,0,487355.0,1.4363246504088396
06,2025-Q2,2025,2,6,5,0,1,0,487355.0,1.2311354146361482
06,2025-Q3,2025,3,1,1,0,0,0,487355.0,0.20518923577269135
06,2025-Q4,2025,4,5,3,0,1,1,487355.0,1.0259461788634567
06,2026-Q1,2026,1,2,1,0,1,0,486213.0,0.4113423540711581
06,2026-Q2,2026,2,3,2,1,0,0,486213.0,0.6170135311067372
07,2018-Q1,2018,1,11,11,0,0,0,718677.0,1.530590237338888
07,2018-Q2,2018,2,18,14,1,2,1,718677.0,2.504602206554544
07,2018-Q3,2018,3,11,9,1,1,0,718677.0,1.530590237338888
07,2018-Q4,2018,4,14,10,1,2,1,718677.0,1.948023938431312
07,2019-Q1,2019,1,17,14,0,3,0,728281.0,2.3342638349757854
07,2019-Q2,2019,2,22,11,4,7,0,728281.0,3.0208120217333696
07,2019-Q3,2019,3,20,14,0,5,1,728281.0,2.746192747030336
07,2019-Q4,2019,4,27,21,1,5,0,728281.0,3.7073602084909534
07,2020-Q1,2020,1,25,17,0,8,0,734775.0,3.4024020958796912
07,2020-Q2,2020,2,20,13,2,5,0,734775.0,2.721921676703753
07,2020-Q3,2020,3,17,13,1,2,1,734775.0,2.31363342519819
07,2020-Q4,2020,4,33,31,0,1,1,734775.0,4.491170766561193
07,2021-Q1,2021,1,36,34,0,2,0,738399.0,4.875412886528828
07,2021-Q2,2021,2,36,33,0,3,0,738399.0,4.875412886528828
07,2021-Q3,2021,3,36,34,1,1,0,738399.0,4.875412886528828
07,2021-Q4,2021,4,38,31,2,5,0,738399.0,5.146269158002652
07,2022-Q1,2022,1,65,58,0,1,6,741473.0,8.76633404048428
07,2022-Q2,2022,2,69,68,1,0,0,741473.0,9.305800750667927
07,2022-Q3,2022,3,83,77,0,5,1,741473.0,11.193934236310694
07,2022-Q4,2022,4,77,73,2,1,1,741473.0,10.384734171035223
07,2023-Q1,2023,1,151,144,1,6,0,744811.0,20.273599611176525
07,2023-Q2,2023,2,148,144,1,3,0,744811.0,19.87081286393461
07,2023-Q3,2023,3,160,153,3,2,2,744811.0,21.48195985290228
07,2023-Q4,2023,4,106,102,2,2,0,744811.0,14.23179840254776
07,2024-Q1,2024,1,41,39,0,1,1,748627.0,5.476692665372743
07,2024-Q2,2024,2,117,110,4,3,0,748627.0,15.628610776795387
07,2024-Q3,2024,3,190,187,0,3,0,748627.0,25.37979527855661
07,2024-Q4,2024,4,246,242,1,3,0,748627.0,32.86015599223646
07,2025-Q1,2025,1,166,162,0,4,0,753036.0,22.044098821304694
07,2025-Q2,2025,2,153,150,1,2,0,753036.0,20.317753732889265
07,2025-Q3,2025,3,204,202,1,1,0,753036.0,27.09033831051902
07,2025-Q4,2025,4,264,260,0,2,2,753036.0,35.058084872436375
07,2026-Q1,2026,1,273,269,3,1,0,757938.0,36.018777261464656
07,2026-Q2,2026,2,245,238,3,1,3,757938.0,32.32454369618623
08,2018-Q1,2018,1,22,17,3,2,0,583774.0,3.7685816771558858
08,2018-Q2,2018,2,23,14,2,7,0,583774.0,3.939880844299335
08,2018-Q3,2018,3,22,17,1,4,0,583774.0,3.7685816771558858
08,2018-Q4,2018,4,12,8,0,4,0,583774.0,2.0555900057213923
08,2019-Q1,2019,1,16,13,0,3,0,587721.0,2.7223801769887412
08,2019-Q2,2019,2,17,14,0,3,0,587721.0,2.8925289380505377
08,2019-Q3,2019,3,10,10,0,0,0,587721.0,1.7014876106179633
08,2019-Q4,2019,4,24,18,0,6,0,587721.0,4.083570265483112
08,2020-Q1,2020,1,10,8,0,2,0,590909.0,1.692307952662762
08,2020-Q2,2020,2,12,9,0,3,0,590909.0,2.0307695431953143
08,2020-Q3,2020,3,24,20,0,3,1,590909.0,4.061539086390629
08,2020-Q4,2020,4,34,31,1,2,0,590909.0,5.75384703905339
08,2021-Q1,2021,1,23,20,0,3,0,593324.0,3.8764654724905787
08,2021-Q2,2021,2,38,36,2,0,0,593324.0,6.404595128462695
08,2021-Q3,2021,3,37,32,1,4,0,593324.0,6.236053151397887
08,2021-Q4,2021,4,52,46,1,4,1,593324.0,8.764182807370004
08,2022-Q1,2022,1,112,110,1,1,0,595674.0,18.802230750376886
08,2022-Q2,2022,2,130,126,1,3,0,595674.0,21.824017835258882
08,2022-Q3,2022,3,156,152,0,4,0,595674.0,26.18882140231066
08,2022-Q4,2022,4,129,126,2,1,0,595674.0,21.656140774987662
08,2023-Q1,2023,1,120,114,1,5,0,598430.0,20.052470631485722
08,2023-Q2,2023,2,128,119,0,6,3,598430.0,21.389302006918104
08,2023-Q3,2023,3,110,102,4,4,0,598430.0,18.381431412195244
08,2023-Q4,2023,4,119,114,0,3,2,598430.0,19.885366709556674
08,2024-Q1,2024,1,65,61,2,1,1,601626.0,10.804054346055523
08,2024-Q2,2024,2,70,61,2,7,0,601626.0,11.635135449598256
08,2024-Q3,2024,3,82,76,0,6,0,601626.0,13.629730098100813
08,2024-Q4,2024,4,81,72,2,7,0,601626.0,13.463513877392266
08,2025-Q1,2025,1,103,96,3,3,1,605377.0,17.014191156915444
08,2025-Q2,2025,2,86,82,2,2,0,605377.0,14.206023684414836
08,2025-Q3,2025,3,73,70,1,2,0,605377.0,12.05860149956143
08,2025-Q4,2025,4,102,100,1,1,0,605377.0,16.849004835003644
08,2026-Q1,2026,1,73,68,0,4,1,609590.0,11.975262061385521
08,2026-Q2,2026,2,98,95,1,2,0,609590.0,16.07637920569563
09,2018-Q1,2018,1,74,67,1,6,0,4410700.0,1.6777382274922348
09,2018-Q2,2018,2,81,69,7,5,0,4410700.0,1.8364431949577165
09,2018-Q3,2018,3,70,65,2,3,0,4410700.0,1.5870496746548166
09,2018-Q4,2018,4,66,56,4,3,3,4410700.0,1.4963611218173987
09,2019-Q1,2019,1,78,66,3,8,1,4509756.0,1.729583596096995
09,2019-Q2,2019,2,122,111,7,4,0,4509756.0,2.7052461374850436
09,2019-Q3,2019,3,98,91,3,4,0,4509756.0,2.173066569455199
09,2019-Q4,2019,4,112,101,4,7,0,4509756.0,2.4835046508059415
09,2020-Q1,2020,1,120,109,2,9,0,4568499.0,2.626683293571915
09,2020-Q2,2020,2,127,120,3,4,0,4568499.0,2.7799064856969435
09,2020-Q3,2020,3,129,119,4,4,2,4568499.0,2.8236845405898086
09,2020-Q4,2020,4,151,143,3,5,0,4568499.0,3.3052431444113264
09,2021-Q1,2021,1,229,217,3,9,0,4601037.0,4.977138849350701
09,2021-Q2,2021,2,216,202,6,8,0,4601037.0,4.69459384916922
09,2021-Q3,2021,3,354,343,1,8,2,4601037.0,7.693917697249555
09,2021-Q4,2021,4,356,333,5,17,1,4601037.0,7.737386158815936
09,2022-Q1,2022,1,448,438,3,6,1,4643432.0,9.648036193918635
09,2022-Q2,2022,2,464,447,6,9,2,4643432.0,9.992608915130015
09,2022-Q3,2022,3,514,498,4,6,6,4643432.0,11.069398668915579
09,2022-Q4,2022,4,629,606,5,11,7,4643432.0,13.54601510262237
09,2023-Q1,2023,1,755,729,7,17,2,4690613.0,16.09597722088776
09,2023-Q2,2023,2,954,934,4,12,4,4690613.0,20.338493071161487
09,2023-Q3,2023,3,1044,1029,3,11,1,4690613.0,22.257218832591818
09,2023-Q4,2023,4,1058,1040,5,11,2,4690613.0,22.555687284369867
09,2024-Q1,2024,1,650,636,7,7,0,4739771.0,13.713742710354571
09,2024-Q2,2024,2,758,741,3,12,2,4739771.0,15.992333806844254
09,2024-Q3,2024,3,861,841,3,14,3,4739771.0,18.165434574792748
09,2024-Q4,2024,4,955,941,5,4,5,4739771.0,20.148652751367102
09,2025-Q1,2025,1,1227,1211,4,10,2,4788157.0,25.625726140558882
09,2025-Q2,2025,2,1063,1044,0,18,1,4788157.0,22.200608710198935
09,2025-Q3,2025,3,863,840,3,16,4,4788157.0,18.023636234150217
09,2025-Q4,2025,4,960,941,0,15,4,4788157.0,20.049467885033845
09,2026-Q1,2026,1,933,915,2,8,8,4835479.0,19.29488267863432
09,2026-Q2,2026,2,813,793,6,10,4,4835479.0,16.813225742475563
10,2018-Q1,2018,1,5,3,0,2,0,468835.0,1.0664732795119818
10,2018-Q2,2018,2,8,4,2,2,0,468835.0,1.7063572472191708
10,2018-Q3,2018,3,5,1,0,4,0,468835.0,1.0664732795119818
10,2018-Q4,2018,4,6,4,0,2,0,468835.0,1.2797679354143783
10,2019-Q1,2019,1,8,4,1,3,0,474152.0,1.6872226627748064
10,2019-Q2,2019,2,12,11,0,1,0,474152.0,2.5308339941622098
10,2019-Q3,2019,3,2,2,0,0,0,474152.0,0.4218056656937016
10,2019-Q4,2019,4,4,2,0,2,0,474152.0,0.8436113313874032
10,2020-Q1,2020,1,6,5,1,0,0,478631.0,1.2535753012236983
10,2020-Q2,2020,2,5,3,0,2,0,478631.0,1.044646084353082
10,2020-Q3,2020,3,6,3,1,2,0,478631.0,1.2535753012236983
10,2020-Q4,2020,4,5,2,3,0,0,478631.0,1.044646084353082
10,2021-Q1,2021,1,2,1,0,1,0,482224.0,0.41474501476492254
10,2021-Q2,2021,2,7,3,0,4,0,482224.0,1.4516075516772289
10,2021-Q3,2021,3,7,3,2,2,0,482224.0,1.4516075516772289
10,2021-Q4,2021,4,6,5,0,1,0,482224.0,1.2442350442947676
10,2022-Q1,2022,1,5,3,2,0,0,485913.0,1.0289907864164984
10,2022-Q2,2022,2,4,2,0,1,1,485913.0,0.8231926291331988
10,2022-Q3,2022,3,5,1,1,3,0,485913.0,1.0289907864164984
10,2022-Q4,2022,4,2,1,1,0,0,485913.0,0.4115963145665994
10,2023-Q1,2023,1,11,4,2,5,0,489961.0,2.2450766489577743
10,2023-Q2,2023,2,6,2,1,3,0,489961.0,1.224587263067877
10,2023-Q3,2023,3,11,8,0,3,0,489961.0,2.2450766489577743
10,2023-Q4,2023,4,4,1,0,3,0,489961.0,0.8163915087119179
10,2024-Q1,2024,1,8,2,1,5,0,494035.0,1.6193184693392169
10,2024-Q2,2024,2,10,4,2,4,0,494035.0,2.024148086674021
10,2024-Q3,2024,3,5,2,0,3,0,494035.0,1.0120740433370106
10,2024-Q4,2024,4,3,2,1,0,0,494035.0,0.6072444260022063
10,2025-Q1,2025,1,8,7,0,1,0,498140.0,1.605974224113703
10,2025-Q2,2025,2,15,8,2,5,0,498140.0,3.011201670213193
10,2025-Q3,2025,3,10,5,1,4,0,498140.0,2.007467780142129
10,2025-Q4,2025,4,14,8,0,6,0,498140.0,2.81045489219898
10,2026-Q1,2026,1,9,9,0,0,0,502275.0,1.791847095714499
10,2026-Q2,2026,2,6,2,3,1,0,502275.0,1.1945647304763327
11,2018-Q1,2018,1,1,1,0,0,0,497863.0,0.20085846909692023
11,2018-Q2,2018,2,5,2,1,2,0,497863.0,1.0042923454846011
11,2018-Q3,2018,3,3,1,0,2,0,497863.0,0.6025754072907608
11,2018-Q4,2018,4,2,2,0,0,0,497863.0,0.40171693819384047
11,2019-Q1,2019,1,0,0,0,0,0,497948.0,0.0
11,2019-Q2,2019,2,2,0,0,2,0,497948.0,0.40164836488950656
11,2019-Q3,2019,3,2,2,0,0,0,497948.0,0.40164836488950656
11,2019-Q4,2019,4,5,3,2,0,0,497948.0,1.0041209122237664
11,2020-Q1,2020,1,1,0,0,1,0,497465.0,0.20101916717759039
11,2020-Q2,2020,2,5,4,0,1,0,497465.0,1.0050958358879518
11,2020-Q3,2020,3,4,1,0,3,0,497465.0,0.8040766687103615
11,2020-Q4,2020,4,0,0,0,0,0,497465.0,0.0
11,2021-Q1,2021,1,2,2,0,0,0,496526.0,0.4027986449853583
11,2021-Q2,2021,2,2,1,0,1,0,496526.0,0.4027986449853583
11,2021-Q3,2021,3,2,0,2,0,0,496526.0,0.4027986449853583
11,2021-Q4,2021,4,4,2,0,2,0,496526.0,0.8055972899707166
11,2022-Q1,2022,1,1,0,1,0,0,496194.0,0.20153407739714707
11,2022-Q2,2022,2,7,6,0,1,0,496194.0,1.4107385417800296
11,2022-Q3,2022,3,9,7,0,2,0,496194.0,1.8138066965743238
11,2022-Q4,2022,4,9,5,0,4,0,496194.0,1.8138066965743238
11,2023-Q1,2023,1,10,5,1,3,1,496685.0,2.0133485005587044
11,2023-Q2,2023,2,10,5,2,3,0,496685.0,2.0133485005587044
11,2023-Q3,2023,3,10,5,1,4,0,496685.0,2.0133485005587044
11,2023-Q4,2023,4,6,1,1,4,0,496685.0,1.2080091003352225
11,2024-Q1,2024,1,7,4,2,1,0,497438.0,1.4072105468420184
11,2024-Q2,2024,2,3,2,0,1,0,497438.0,0.6030902343608651
11,2024-Q3,2024,3,5,1,0,4,0,497438.0,1.0051503906014418
11,2024-Q4,2024,4,14,11,0,2,1,497438.0,2.814421093684037
11,2025-Q1,2025,1,10,10,0,0,0,498457.0,2.0061911057523516
11,2025-Q2,2025,2,9,8,0,1,0,498457.0,1.8055719951771165
11,2025-Q3,2025,3,14,13,0,1,0,498457.0,2.8086675480532923
11,2025-Q4,2025,4,10,10,0,0,0,498457.0,2.0061911057523516
11,2026-Q1,2026,1,17,15,0,2,0,499729.0,3.401843799339242
11,2026-Q2,2026,2,6,6,0,0,0,499729.0,1.2006507527079677
12,2018-Q1,2018,1,18,14,0,4,0,917992.0,1.9608014013194015
12,2018-Q2,2018,2,23,16,0,7,0,917992.0,2.5054684572414576
12,2018-Q3,2018,3,27,21,0,5,1,917992.0,2.941202101979102
12,2018-Q4,2018,4,26,18,0,8,0,917992.0,2.8322686907946912
12,2019-Q1,2019,1,25,25,0,0,0,936316.0,2.6700387476023053
12,2019-Q2,2019,2,30,27,1,2,0,936316.0,3.2040464971227665
12,2019-Q3,2019,3,21,18,1,2,0,936316.0,2.2428325479859366
12,2019-Q4,2019,4,35,26,1,8,0,936316.0,3.738054246643227
12,2020-Q1,2020,1,24,21,0,1,2,945760.0,2.537641684994079
12,2020-Q2,2020,2,30,24,1,5,0,945760.0,3.1720521062425986
12,2020-Q3,2020,3,19,16,1,1,1,945760.0,2.0089663339536457
12,2020-Q4,2020,4,37,27,4,5,1,945760.0,3.9121975976992047
12,2021-Q1,2021,1,22,17,0,3,2,948792.0,2.3187379320230357
12,2021-Q2,2021,2,45,40,1,4,0,948792.0,4.742873042774391
12,2021-Q3,2021,3,57,53,0,3,1,948792.0,6.007639187514228
12,2021-Q4,2021,4,73,66,1,4,2,948792.0,7.693994047167346
12,2022-Q1,2022,1,74,68,2,4,0,953060.0,7.764463937212767
12,2022-Q2,2022,2,106,93,1,11,1,953060.0,11.122069964115585
12,2022-Q3,2022,3,108,99,2,6,1,953060.0,11.331920340797012
12,2022-Q4,2022,4,129,109,1,13,6,953060.0,13.535349295951987
12,2023-Q1,2023,1,177,160,2,15,0,959805.0,18.441245878068983
12,2023-Q2,2023,2,206,191,1,13,1,959805.0,21.462692942837347
12,2023-Q3,2023,3,267,253,1,13,0,959805.0,27.818150561832873
12,2023-Q4,2023,4,359,347,3,9,0,959805.0,37.40343090523596
12,2024-Q1,2024,1,220,210,5,5,0,968660.0,22.711787417669772
12,2024-Q2,2024,2,219,211,2,3,3,968660.0,22.608552020316726
12,2024-Q3,2024,3,172,165,1,5,1,968660.0,17.75648834472364
12,2024-Q4,2024,4,206,203,2,1,0,968660.0,21.26649185472715
12,2025-Q1,2025,1,291,285,2,3,1,978487.0,29.739792148490476
12,2025-Q2,2025,2,310,306,2,1,1,978487.0,31.681565519010473
12,2025-Q3,2025,3,323,318,2,2,1,978487.0,33.01014729883995
12,2025-Q4,2025,4,351,345,1,5,0,978487.0,35.87170805539573
12,2026-Q1,2026,1,257,253,0,4,0,988852.0,25.989733549611064
12,2026-Q2,2026,2,231,229,0,2,0,988852.0,23.360421984280762
13,2018-Q1,2018,1,21,17,3,1,0,1604308.0,1.3089755832421206
13,2018-Q2,2018,2,23,20,1,2,0,1604308.0,1.433639924503275
13,2018-Q3,2018,3,15,13,2,0,0,1604308.0,0.9349825594586576
13,2018-Q4,2018,4,25,21,3,1,0,1604308.0,1.5583042657644293
13,2019-Q1,2019,1,20,17,1,2,0,1633131.0,1.2246415015084522
13,2019-Q2,2019,2,32,30,1,1,0,1633131.0,1.9594264024135235
13,2019-Q3,2019,3,32,26,1,5,0,1633131.0,1.9594264024135235
13,2019-Q4,2019,4,30,26,2,2,0,1633131.0,1.8369622522626783
13,2020-Q1,2020,1,18,16,2,0,0,1650334.0,1.0906883091543893
13,2020-Q2,2020,2,15,12,2,1,0,1650334.0,0.9089069242953245
13,2020-Q3,2020,3,30,25,2,2,1,1650334.0,1.817813848590649
13,2020-Q4,2020,4,60,55,2,3,0,1650334.0,3.635627697181298
13,2021-Q1,2021,1,56,49,2,2,3,1659426.0,3.3746608767127912
13,2021-Q2,2021,2,54,51,1,2,0,1659426.0,3.2541372739730483
13,2021-Q3,2021,3,47,44,0,2,1,1659426.0,2.83230466438395
13,2021-Q4,2021,4,41,35,1,3,2,1659426.0,2.470733856164722
13,2022-Q1,2022,1,95,86,4,5,0,1670700.0,5.686239300891842
13,2022-Q2,2022,2,104,99,1,3,1,1670700.0,6.224935655713174
13,2022-Q3,2022,3,157,145,1,6,5,1670700.0,9.397258634105464
13,2022-Q4,2022,4,171,160,3,6,2,1670700.0,10.235230741605315
13,2023-Q1,2023,1,163,155,3,4,1,1684317.0,9.677513199712406
13,2023-Q2,2023,2,244,237,0,5,2,1684317.0,14.486584176256608
13,2023-Q3,2023,3,264,252,7,5,0,1684317.0,15.674009108736657
13,2023-Q4,2023,4,306,299,3,4,0,1684317.0,18.167601466944763
13,2024-Q1,2024,1,187,184,0,3,0,1699434.0,11.00366357269538
13,2024-Q2,2024,2,236,231,0,3,2,1699434.0,13.886976487465827
13,2024-Q3,2024,3,197,192,0,4,1,1699434.0,11.59209477979139
13,2024-Q4,2024,4,249,240,1,3,5,1699434.0,14.65193705669064
13,2025-Q1,2025,1,274,270,1,0,3,1715057.0,15.976145399249122
13,2025-Q2,2025,2,298,289,2,4,3,1715057.0,17.37551579918335
13,2025-Q3,2025,3,370,362,0,3,5,1715057.0,21.57362699898604
13,2025-Q4,2025,4,326,320,0,2,4,1715057.0,19.00811459910662
13,2026-Q1,2026,1,240,236,0,1,3,1731039.0,13.864505652385649
13,2026-Q2,2026,2,335,333,0,2,0,1731039.0,19.352539139788302
14,2018-Q1,2018,1,3,1,1,1,0,185624.0,1.6161703228030857
14,2018-Q2,2018,2,2,1,0,1,0,185624.0,1.077446881868724
14,2018-Q3,2018,3,1,0,0,1,0,185624.0,0.538723440934362
14,2018-Q4,2018,4,2,1,1,0,0,185624.0,1.077446881868724
14,2019-Q1,2019,1,1,1,0,0,0,189402.0,0.527977529276354
14,2019-Q2,2019,2,2,1,1,0,0,189402.0,1.055955058552708
14,2019-Q3,2019,3,3,3,0,0,0,189402.0,1.583932587829062
14,2019-Q4,2019,4,4,3,1,0,0,189402.0,2.111910117105416
14,2020-Q1,2020,1,6,3,0,3,0,192900.0,3.1104199066874028
14,2020-Q2,2020,2,4,3,0,1,0,192900.0,2.0736132711249353
14,2020-Q3,2020,3,1,0,1,0,0,192900.0,0.5184033177812338
14,2020-Q4,2020,4,0,0,0,0,0,192900.0,0.0
14,2021-Q1,2021,1,1,0,0,1,0,196157.0,0.5097957248530514
14,2021-Q2,2021,2,0,0,0,0,0,196157.0,0.0
14,2021-Q3,2021,3,4,3,0,0,1,196157.0,2.0391828994122054
14,2021-Q4,2021,4,1,0,0,1,0,196157.0,0.5097957248530514
14,2022-Q1,2022,1,1,0,1,0,0,199453.0,0.5013712503697613
14,2022-Q2,2022,2,4,2,0,2,0,199453.0,2.005485001479045
14,2022-Q3,2022,3,3,1,1,1,0,199453.0,1.504113751109284
14,2022-Q4,2022,4,2,2,0,0,0,199453.0,1.0027425007395225
14,2023-Q1,2023,1,11,9,1,1,0,202851.0,5.422699419771162
14,2023-Q2,2023,2,6,4,0,2,0,202851.0,2.9578360471479064
14,2023-Q3,2023,3,6,5,1,0,0,202851.0,2.9578360471479064
14,2023-Q4,2023,4,11,8,1,2,0,202851.0,5.422699419771162
14,2024-Q1,2024,1,4,3,0,1,0,206327.0,1.938670169197439
14,2024-Q2,2024,2,4,1,1,2,0,206327.0,1.938670169197439
14,2024-Q3,2024,3,3,2,0,1,0,206327.0,1.4540026268980792
14,2024-Q4,2024,4,6,5,0,1,0,206327.0,2.9080052537961585
14,2025-Q1,2025,1,4,3,0,1,0,209875.0,1.9058963668850506
14,2025-Q2,2025,2,5,4,0,1,0,209875.0,2.3823704586063132
14,2025-Q3,2025,3,7,7,0,0,0,209875.0,3.3353186420488385
14,2025-Q4,2025,4,4,4,0,0,0,209875.0,1.9058963668850506
14,2026-Q1,2026,1,6,6,0,0,0,213457.0,2.810870573464445
14,2026-Q2,2026,2,5,5,0,0,0,213457.0,2.342392144553704
15,2018-Q1,2018,1,1,1,0,0,0,126836.0,0.7884196915702166
15,2018-Q2,2018,2,1,0,0,1,0,126836.0,0.7884196915702166
15,2018-Q3,2018,3,0,0,0,0,0,126836.0,0.0
15,2018-Q4,2018,4,0,0,0,0,0,126836.0,0.0
15,2019-Q1,2019,1,1,0,0,1,0,129165.0,0.7742035381101692
15,2019-Q2,2019,2,1,0,0,1,0,129165.0,0.7742035381101692
15,2019-Q3,2019,3,0,0,0,0,0,129165.0,0.0
15,2019-Q4,2019,4,0,0,0,0,0,129165.0,0.0
15,2020-Q1,2020,1,0,0,0,0,0,131206.0,0.0
15,2020-Q2,2020,2,0,0,0,0,0,131206.0,0.0
15,2020-Q3,2020,3,2,1,0,1,0,131206.0,1.5243205341219153
15,2020-Q4,2020,4,1,1,0,0,0,131206.0,0.7621602670609576
15,2021-Q1,2021,1,0,0,0,0,0,132987.0,0.0
15,2021-Q2,2021,2,1,1,0,0,0,132987.0,0.7519531984329295
15,2021-Q3,2021,3,3,1,0,2,0,132987.0,2.2558595952987885
15,2021-Q4,2021,4,1,1,0,0,0,132987.0,0.7519531984329295
15,2022-Q1,2022,1,7,4,1,2,0,134768.0,5.194111361747596
15,2022-Q2,2022,2,1,1,0,0,0,134768.0,0.7420159088210851
15,2022-Q3,2022,3,4,3,0,1,0,134768.0,2.9680636352843406
15,2022-Q4,2022,4,6,4,1,1,0,134768.0,4.45209545292651
15,2023-Q1,2023,1,5,4,1,0,0,136622.0,3.659732693124094
15,2023-Q2,2023,2,2,2,0,0,0,136622.0,1.4638930772496377
15,2023-Q3,2023,3,6,3,2,1,0,136622.0,4.391679231748913
15,2023-Q4,2023,4,2,2,0,0,0,136622.0,1.4638930772496377
15,2024-Q1,2024,1,4,1,1,2,0,138541.0,2.8872319385597045
15,2024-Q2,2024,2,6,2,1,3,0,138541.0,4.330847907839557
15,2024-Q3,2024,3,1,1,0,0,0,138541.0,0.7218079846399261
15,2024-Q4,2024,4,2,2,0,0,0,138541.0,1.4436159692798523
15,2025-Q1,2025,1,5,5,0,0,0,140498.0,3.5587695198508165
15,2025-Q2,2025,2,0,0,0,0,0,140498.0,0.0
15,2025-Q3,2025,3,9,8,0,1,0,140498.0,6.4057851357314695
15,2025-Q4,2025,4,5,5,0,0,0,140498.0,3.5587695198508165
15,2026-Q1,2026,1,8,8,0,0,0,142465.0,5.615414312287228
15,2026-Q2,2026,2,5,5,0,0,0,142465.0,3.5096339451795178
16,2018-Q1,2018,1,3,2,0,1,0,105998.0,2.830242080039246
16,2018-Q2,2018,2,2,0,0,2,0,105998.0,1.8868280533594974
16,2018-Q3,2018,3,0,0,0,0,0,105998.0,0.0
16,2018-Q4,2018,4,0,0,0,0,0,105998.0,0.0
16,2019-Q1,2019,1,1,1,0,0,0,108179.0,0.9243938287467993
16,2019-Q2,2019,2,3,2,1,0,0,108179.0,2.773181486240398
16,2019-Q3,2019,3,3,1,0,2,0,108179.0,2.773181486240398
16,2019-Q4,2019,4,2,2,0,0,0,108179.0,1.8487876574935986
16,2020-Q1,2020,1,0,0,0,0,0,110462.0,0.0
16,2020-Q2,2020,2,1,1,0,0,0,110462.0,0.9052886965653347
16,2020-Q3,2020,3,0,0,0,0,0,110462.0,0.0
16,2020-Q4,2020,4,1,1,0,0,0,110462.0,0.9052886965653347
16,2021-Q1,2021,1,2,2,0,0,0,112771.0,1.7735055998439315
16,2021-Q2,2021,2,1,1,0,0,0,112771.0,0.8867527999219658
16,2021-Q3,2021,3,3,3,0,0,0,112771.0,2.660258399765897
16,2021-Q4,2021,4,2,1,1,0,0,112771.0,1.7735055998439315
16,2022-Q1,2022,1,1,1,0,0,0,114969.0,0.8697996851325139
16,2022-Q2,2022,2,2,1,0,1,0,114969.0,1.7395993702650279
16,2022-Q3,2022,3,2,1,0,1,0,114969.0,1.7395993702650279
16,2022-Q4,2022,4,3,3,0,0,0,114969.0,2.609399055397542
16,2023-Q1,2023,1,4,3,0,1,0,117062.0,3.4169927047205753
16,2023-Q2,2023,2,7,7,0,0,0,117062.0,5.979737233261007
16,2023-Q3,2023,3,10,9,0,1,0,117062.0,8.542481761801438
16,2023-Q4,2023,4,9,8,0,1,0,117062.0,7.688233585621295
16,2024-Q1,2024,1,1,1,0,0,0,119032.0,0.8401102224611869
16,2024-Q2,2024,2,1,1,0,0,0,119032.0,0.8401102224611869
16,2024-Q3,2024,3,0,0,0,0,0,119032.0,0.0
16,2024-Q4,2024,4,0,0,0,0,0,119032.0,0.0
16,2025-Q1,2025,1,0,0,0,0,0,120932.0,0.0
16,2025-Q2,2025,2,6,5,0,1,0,120932.0,4.961465947805379
16,2025-Q3,2025,3,4,4,0,0,0,120932.0,3.3076439652035856
16,2025-Q4,2025,4,10,7,1,2,0,120932.0,8.269109913008963
16,2026-Q1,2026,1,9,8,1,0,0,122784.0,7.329945269741986
16,2026-Q2,2026,2,1,1,0,0,0,122784.0,0.8144383633046651
17,2018-Q1,2018,1,33,12,3,18,0,3107396.0,1.0619824444647543
17,2018-Q2,2018,2,38,23,4,10,1,3107396.0,1.2228888754442626
17,2018-Q3,2018,3,34,15,1,18,0,3107396.0,1.094163730660656
17,2018-Q4,2018,4,29,13,0,16,0,3107396.0,0.9332572996811478
17,2019-Q1,2019,1,39,19,2,18,0,3170064.0,1.2302590736338446
17,2019-Q2,2019,2,34,15,2,17,0,3170064.0,1.0725335513730954
17,2019-Q3,2019,3,35,11,2,22,0,3170064.0,1.1040786558252451
17,2019-Q4,2019,4,49,11,5,33,0,3170064.0,1.5457101181553432
17,2020-Q1,2020,1,45,8,1,36,0,3204953.0,1.404076752451596
17,2020-Q2,2020,2,31,8,2,21,0,3204953.0,0.9672528739110995
17,2020-Q3,2020,3,40,8,4,28,0,3204953.0,1.2480682244014187
17,2020-Q4,2020,4,43,8,4,31,0,3204953.0,1.3416733412315252
17,2021-Q1,2021,1,37,7,3,27,0,3217582.0,1.1499318432288594
17,2021-Q2,2021,2,43,14,2,27,0,3217582.0,1.3364072772659719
17,2021-Q3,2021,3,39,15,1,23,0,3217582.0,1.2120903212412302
17,2021-Q4,2021,4,41,10,2,29,0,3217582.0,1.274248799253601
17,2022-Q1,2022,1,37,10,4,23,0,3231547.0,1.1449624591565588
17,2022-Q2,2022,2,48,15,1,32,0,3231547.0,1.4853567037706707
17,2022-Q3,2022,3,58,15,1,42,0,3231547.0,1.7948060170562272
17,2022-Q4,2022,4,82,28,1,53,0,3231547.0,2.5374843689415627
17,2023-Q1,2023,1,92,18,10,64,0,3250537.0,2.8303015778623655
17,2023-Q2,2023,2,86,9,3,70,4,3250537.0,2.6457166923496027
17,2023-Q3,2023,3,66,13,7,46,0,3250537.0,2.0304337406403925
17,2023-Q4,2023,4,82,12,1,68,1,3250537.0,2.5226601020077606
17,2024-Q1,2024,1,52,15,3,34,0,3272265.0,1.5891133511497388
17,2024-Q2,2024,2,69,19,3,45,2,3272265.0,2.1086311774871533
17,2024-Q3,2024,3,94,24,2,67,1,3272265.0,2.872627980924528
17,2024-Q4,2024,4,69,20,4,45,0,3272265.0,2.1086311774871533
17,2025-Q1,2025,1,61,11,4,46,0,3294478.0,1.8515831643131324
17,2025-Q2,2025,2,98,24,6,68,0,3294478.0,2.9746745918473274
17,2025-Q3,2025,3,66,19,1,46,0,3294478.0,2.0033522761420777
17,2025-Q4,2025,4,95,23,6,66,0,3294478.0,2.8836131247499606
17,2026-Q1,2026,1,82,27,2,53,0,3316636.0,2.4723846692853844
17,2026-Q2,2026,2,58,13,3,42,0,3316636.0,1.7487598880311255
18,2018-Q1,2018,1,5,2,2,1,0,562196.0,0.8893695437178493
18,2018-Q2,2018,2,1,1,0,0,0,562196.0,0.17787390874356987
18,2018-Q3,2018,3,1,1,0,0,0,562196.0,0.17787390874356987
18,2018-Q4,2018,4,5,2,0,1,2,562196.0,0.8893695437178493
18,2019-Q1,2019,1,5,5,0,0,0,566737.0,0.8822434391966644
18,2019-Q2,2019,2,4,4,0,0,0,566737.0,0.7057947513573315
18,2019-Q3,2019,3,3,1,1,1,0,566737.0,0.5293460635179986
18,2019-Q4,2019,4,5,3,0,2,0,566737.0,0.8822434391966644
18,2020-Q1,2020,1,2,1,0,1,0,569872.0,0.3509560041553191
18,2020-Q2,2020,2,5,4,0,1,0,569872.0,0.8773900103882977
18,2020-Q3,2020,3,1,1,0,0,0,569872.0,0.17547800207765954
18,2020-Q4,2020,4,10,3,2,5,0,569872.0,1.7547800207765953
18,2021-Q1,2021,1,2,2,0,0,0,571693.0,0.3498381124134807
18,2021-Q2,2021,2,8,4,3,1,0,571693.0,1.3993524496539227
18,2021-Q3,2021,3,6,5,0,1,0,571693.0,1.049514337240442
18,2021-Q4,2021,4,5,5,0,0,0,571693.0,0.8745952810337017
18,2022-Q1,2022,1,5,3,1,1,0,573786.0,0.8714050185957831
18,2022-Q2,2022,2,13,8,0,5,0,573786.0,2.2656530483490362
18,2022-Q3,2022,3,11,10,0,1,0,573786.0,1.917091040910723
18,2022-Q4,2022,4,15,13,2,0,0,573786.0,2.614215055787349
18,2023-Q1,2023,1,4,3,0,1,0,576407.0,0.693954098406161
18,2023-Q2,2023,2,9,7,1,1,0,576407.0,1.561396721413862
18,2023-Q3,2023,3,7,6,1,0,0,576407.0,1.2144196722107816
18,2023-Q4,2023,4,14,12,1,1,0,576407.0,2.4288393444215632
18,2024-Q1,2024,1,13,9,2,2,0,579082.0,2.2449324966066984
18,2024-Q2,2024,2,8,5,2,1,0,579082.0,1.3814969209887373
18,2024-Q3,2024,3,16,13,0,3,0,579082.0,2.7629938419774747
18,2024-Q4,2024,4,18,17,1,0,0,579082.0,3.108368072224659
18,2025-Q1,2025,1,22,19,1,2,0,581842.0,3.7810952114147827
18,2025-Q2,2025,2,8,7,0,1,0,581842.0,1.3749437132417393
18,2025-Q3,2025,3,7,6,1,0,0,581842.0,1.2030757490865218
18,2025-Q4,2025,4,21,20,1,0,0,581842.0,3.6092272472595655
18,2026-Q1,2026,1,13,13,0,0,0,584638.0,2.2235981923857158
18,2026-Q2,2026,2,11,10,0,1,0,584638.0,1.8815061627879133
19,2018-Q1,2018,1,1,0,0,1,0,109489.0,0.9133337595557545
19,2018-Q2,2018,2,1,0,0,1,0,109489.0,0.9133337595557545
19,2018-Q3,2018,3,4,1,1,2,0,109489.0,3.653335038223018
19,2018-Q4,2018,4,1,0,0,1,0,109489.0,0.9133337595557545
19,2019-Q1,2019,1,1,0,0,1,0,111300.0,0.8984725965858041
19,2019-Q2,2019,2,1,0,0,1,0,111300.0,0.8984725965858041
19,2019-Q3,2019,3,0,0,0,0,0,111300.0,0.0
19,2019-Q4,2019,4,0,0,0,0,0,111300.0,0.0
19,2020-Q1,2020,1,1,0,0,1,0,112755.0,0.8868786306593942
19,2020-Q2,2020,2,0,0,0,0,0,112755.0,0.0
19,2020-Q3,2020,3,0,0,0,0,0,112755.0,0.0
19,2020-Q4,2020,4,0,0,0,0,0,112755.0,0.0
19,2021-Q1,2021,1,3,2,1,0,0,113912.0,2.6336119109488028
19,2021-Q2,2021,2,1,0,1,0,0,113912.0,0.8778706369829342
19,2021-Q3,2021,3,1,0,0,1,0,113912.0,0.8778706369829342
19,2021-Q4,2021,4,1,1,0,0,0,113912.0,0.8778706369829342
19,2022-Q1,2022,1,1,1,0,0,0,115101.0,0.8688021824310823
19,2022-Q2,2022,2,0,0,0,0,0,115101.0,0.0
19,2022-Q3,2022,3,1,1,0,0,0,115101.0,0.8688021824310823
19,2022-Q4,2022,4,1,0,0,1,0,115101.0,0.8688021824310823
19,2023-Q1,2023,1,3,2,0,1,0,116363.0,2.5781390991981987
19,2023-Q2,2023,2,6,5,0,1,0,116363.0,5.1562781983963974
19,2023-Q3,2023,3,2,2,0,0,0,116363.0,1.7187593994654657
19,2023-Q4,2023,4,1,0,0,1,0,116363.0,0.8593796997327329
19,2024-Q1,2024,1,2,1,0,1,0,117650.0,1.6999575010624735
19,2024-Q2,2024,2,2,0,0,2,0,117650.0,1.6999575010624735
19,2024-Q3,2024,3,5,3,1,1,0,117650.0,4.249893752656184
19,2024-Q4,2024,4,1,1,0,0,0,117650.0,0.8499787505312367
19,2025-Q1,2025,1,8,5,1,1,1,118936.0,6.726306585054147
19,2025-Q2,2025,2,5,4,0,1,0,118936.0,4.203941615658842
19,2025-Q3,2025,3,7,6,0,1,0,118936.0,5.885518261922378
19,2025-Q4,2025,4,5,3,0,2,0,118936.0,4.203941615658842
19,2026-Q1,2026,1,1,1,0,0,0,120221.0,0.8318014323620665
19,2026-Q2,2026,2,5,5,0,0,0,120221.0,4.159007161810333
20,2018-Q1,2018,1,0,0,0,0,0,28205.0,0.0
20,2018-Q2,2018,2,0,0,0,0,0,28205.0,0.0
20,2018-Q3,2018,3,0,0,0,0,0,28205.0,0.0
20,2018-Q4,2018,4,0,0,0,0,0,28205.0,0.0
20,2019-Q1,2019,1,0,0,0,0,0,28530.0,0.0
20,2019-Q2,2019,2,0,0,0,0,0,28530.0,0.0
20,2019-Q3,2019,3,0,0,0,0,0,28530.0,0.0
20,2019-Q4,2019,4,0,0,0,0,0,28530.0,0.0
20,2020-Q1,2020,1,0,0,0,0,0,28842.0,0.0
20,2020-Q2,2020,2,1,0,1,0,0,28842.0,3.4671659385618194
20,2020-Q3,2020,3,0,0,0,0,0,28842.0,0.0
20,2020-Q4,2020,4,0,0,0,0,0,28842.0,0.0
20,2021-Q1,2021,1,0,0,0,0,0,29148.0,0.0
20,2021-Q2,2021,2,0,0,0,0,0,29148.0,0.0
20,2021-Q3,2021,3,0,0,0,0,0,29148.0,0.0
20,2021-Q4,2021,4,0,0,0,0,0,29148.0,0.0
20,2022-Q1,2022,1,0,0,0,0,0,29463.0,0.0
20,2022-Q2,2022,2,0,0,0,0,0,29463.0,0.0
20,2022-Q3,2022,3,0,0,0,0,0,29463.0,0.0
20,2022-Q4,2022,4,0,0,0,0,0,29463.0,0.0
20,2023-Q1,2023,1,0,0,0,0,0,29808.0,0.0
20,2023-Q2,2023,2,0,0,0,0,0,29808.0,0.0
20,2023-Q3,2023,3,0,0,0,0,0,29808.0,0.0
20,2023-Q4,2023,4,0,0,0,0,0,29808.0,0.0
20,2024-Q1,2024,1,0,0,0,0,0,30082.0,0.0
20,2024-Q2,2024,2,0,0,0,0,0,30082.0,0.0
20,2024-Q3,2024,3,0,0,0,0,0,30082.0,0.0
20,2024-Q4,2024,4,0,0,0,0,0,30082.0,0.0
20,2025-Q1,2025,1,0,0,0,0,0,30265.0,0.0
20,2025-Q2,2025,2,0,0,0,0,0,30265.0,0.0
20,2025-Q3,2025,3,0,0,0,0,0,30265.0,0.0
20,2025-Q4,2025,4,0,0,0,0,0,30265.0,0.0
20,2026-Q1,2026,1,0,0,0,0,0,30448.0,0.0
20,2026-Q2,2026,2,0,0,0,0,0,30448.0,0.0
21,2018-Q1,2018,1,5,2,1,2,0,204827.0,2.4410844273460044
21,2018-Q2,2018,2,9,7,1,1,0,204827.0,4.393951969222807
21,2018-Q3,2018,3,9,8,0,1,0,204827.0,4.393951969222807
21,2018-Q4,2018,4,9,9,0,0,0,204827.0,4.393951969222807
21,2019-Q1,2019,1,11,9,1,1,0,206756.0,5.320280910832092
21,2019-Q2,2019,2,4,2,2,0,0,206756.0,1.9346476039389424
21,2019-Q3,2019,3,4,3,0,1,0,206756.0,1.9346476039389424
21,2019-Q4,2019,4,11,9,0,2,0,206756.0,5.320280910832092
21,2020-Q1,2020,1,7,7,0,0,0,207715.0,3.370002166429964
21,2020-Q2,2020,2,8,5,1,2,0,207715.0,3.8514310473485303
21,2020-Q3,2020,3,8,5,0,3,0,207715.0,3.8514310473485303
21,2020-Q4,2020,4,10,8,1,1,0,207715.0,4.814288809185663
21,2021-Q1,2021,1,6,3,2,1,0,207728.0,2.8883925132866057
21,2021-Q2,2021,2,8,6,0,2,0,207728.0,3.851190017715474
21,2021-Q3,2021,3,7,4,2,1,0,207728.0,3.36979126550104
21,2021-Q4,2021,4,18,14,2,2,0,207728.0,8.665177539859817
21,2022-Q1,2022,1,28,27,0,1,0,207221.0,13.51214403945546
21,2022-Q2,2022,2,17,16,0,1,0,207221.0,8.203801738240815
21,2022-Q3,2022,3,20,18,1,1,0,207221.0,9.6515314567539
21,2022-Q4,2022,4,17,14,0,3,0,207221.0,8.203801738240815
21,2023-Q1,2023,1,26,22,0,4,0,206360.0,12.599340957549913
21,2023-Q2,2023,2,17,17,0,0,0,206360.0,8.238030626090328
21,2023-Q3,2023,3,19,17,1,1,0,206360.0,9.207210699748012
21,2023-Q4,2023,4,37,34,1,2,0,206360.0,17.929831362667183
21,2024-Q1,2024,1,26,24,0,0,2,205253.0,12.667293535295464
21,2024-Q2,2024,2,19,16,1,2,0,205253.0,9.256868352715916
21,2024-Q3,2024,3,41,38,1,2,0,205253.0,19.975347497965924
21,2024-Q4,2024,4,70,69,0,1,0,205253.0,34.10425182579548
21,2025-Q1,2025,1,40,37,0,2,1,204121.0,19.596219889183377
21,2025-Q2,2025,2,28,27,0,1,0,204121.0,13.717353922428364
21,2025-Q3,2025,3,19,17,0,2,0,204121.0,9.308204447362105
21,2025-Q4,2025,4,24,20,1,3,0,204121.0,11.757731933510026
21,2026-Q1,2026,1,33,31,1,1,0,203164.0,16.243035183398632
21,2026-Q2,2026,2,38,37,0,1,0,203164.0,18.704101120277215
22,2018-Q1,2018,1,4,3,1,0,0,171519.0,2.3321031489222768
22,2018-Q2,2018,2,3,1,1,1,0,171519.0,1.7490773616917077
22,2018-Q3,2018,3,2,2,0,0,0,171519.0,1.1660515744611384
22,2018-Q4,2018,4,11,3,3,5,0,171519.0,6.413283659536261
22,2019-Q1,2019,1,2,1,0,1,0,175338.0,1.1406540510328622
22,2019-Q2,2019,2,1,1,0,0,0,175338.0,0.5703270255164311
22,2019-Q3,2019,3,6,5,1,0,0,175338.0,3.421962153098587
22,2019-Q4,2019,4,0,0,0,0,0,175338.0,0.0
22,2020-Q1,2020,1,1,0,1,0,0,179067.0,0.558450189035389
22,2020-Q2,2020,2,1,1,0,0,0,179067.0,0.558450189035389
22,2020-Q3,2020,3,1,1,0,0,0,179067.0,0.558450189035389
22,2020-Q4,2020,4,2,2,0,0,0,179067.0,1.116900378070778
22,2021-Q1,2021,1,2,2,0,0,0,182673.0,1.09485255073273
22,2021-Q2,2021,2,3,3,0,0,0,182673.0,1.642278826099095
22,2021-Q3,2021,3,3,3,0,0,0,182673.0,1.642278826099095
22,2021-Q4,2021,4,3,2,1,0,0,182673.0,1.642278826099095
22,2022-Q1,2022,1,4,4,0,0,0,186166.0,2.148620048773675
22,2022-Q2,2022,2,6,3,0,3,0,186166.0,3.2229300731605126
22,2022-Q3,2022,3,8,4,2,2,0,186166.0,4.29724009754735
22,2022-Q4,2022,4,6,3,1,2,0,186166.0,3.2229300731605126
22,2023-Q1,2023,1,2,1,0,1,0,189568.0,1.0550303848750844
22,2023-Q2,2023,2,20,16,1,3,0,189568.0,10.550303848750843
22,2023-Q3,2023,3,13,10,1,2,0,189568.0,6.857697501688048
22,2023-Q4,2023,4,23,19,0,4,0,189568.0,12.132849426063471
22,2024-Q1,2024,1,28,28,0,0,0,192831.0,14.520486851180568
22,2024-Q2,2024,2,31,29,1,1,0,192831.0,16.076253299521344
22,2024-Q3,2024,3,28,25,3,0,0,192831.0,14.520486851180568
22,2024-Q4,2024,4,21,21,0,0,0,192831.0,10.890365138385425
22,2025-Q1,2025,1,34,32,1,1,0,196020.0,17.345168860320374
22,2025-Q2,2025,2,35,35,0,0,0,196020.0,17.855320885623915
22,2025-Q3,2025,3,23,21,1,0,1,196020.0,11.73349658198143
22,2025-Q4,2025,4,37,37,0,0,0,196020.0,18.875624936230995
22,2026-Q1,2026,1,22,19,1,2,0,199171.0,11.045784777904414
22,2026-Q2,2026,2,31,30,1,0,0,199171.0,15.564514914319856
23,2018-Q1,2018,1,9,6,1,2,0,492964.0,1.8256911255182935
23,2018-Q2,2018,2,10,7,0,3,0,492964.0,2.028545695020326
23,2018-Q3,2018,3,8,3,1,4,0,492964.0,1.6228365560162608
23,2018-Q4,2018,4,9,5,1,2,1,492964.0,1.8256911255182935
23,2019-Q1,2019,1,7,5,1,1,0,499418.0,1.4016314990649115
23,2019-Q2,2019,2,9,6,1,2,0,499418.0,1.8020976416548864
23,2019-Q3,2019,3,6,3,0,2,1,499418.0,1.2013984277699241
23,2019-Q4,2019,4,6,1,0,5,0,499418.0,1.2013984277699241
23,2020-Q1,2020,1,8,2,0,6,0,504662.0,1.5852194141821654
23,2020-Q2,2020,2,6,2,0,4,0,504662.0,1.188914560636624
23,2020-Q3,2020,3,10,4,1,5,0,504662.0,1.981524267727707
23,2020-Q4,2020,4,12,6,1,5,0,504662.0,2.377829121273248
23,2021-Q1,2021,1,10,6,1,3,0,509041.0,1.964478303319379
23,2021-Q2,2021,2,14,12,1,1,0,509041.0,2.7502696246471308
23,2021-Q3,2021,3,19,15,0,4,0,509041.0,3.73250877630682
23,2021-Q4,2021,4,28,20,1,6,1,509041.0,5.5005392492942615
23,2022-Q1,2022,1,23,16,0,7,0,513692.0,4.4773911215280755
23,2022-Q2,2022,2,85,80,2,3,0,513692.0,16.546880231734193
23,2022-Q3,2022,3,60,54,0,6,0,513692.0,11.68015075181237
23,2022-Q4,2022,4,45,38,0,5,2,513692.0,8.760113063859277
23,2023-Q1,2023,1,49,42,1,6,0,518576.0,9.44895251612107
23,2023-Q2,2023,2,43,34,0,8,1,518576.0,8.291937922310327
23,2023-Q3,2023,3,26,25,0,1,0,518576.0,5.013729906513221
23,2023-Q4,2023,4,42,35,1,6,0,518576.0,8.099102156675203
23,2024-Q1,2024,1,17,9,1,7,0,523524.0,3.247224578051818
23,2024-Q2,2024,2,16,14,0,2,0,523524.0,3.056211367578182
23,2024-Q3,2024,3,12,11,0,1,0,523524.0,2.2921585256836363
23,2024-Q4,2024,4,21,18,0,3,0,523524.0,4.011277419946364
23,2025-Q1,2025,1,18,16,0,2,0,528509.0,3.4058076589045787
23,2025-Q2,2025,2,28,24,0,4,0,528509.0,5.297923024962678
23,2025-Q3,2025,3,66,59,1,6,0,528509.0,12.487961415983456
23,2025-Q4,2025,4,49,44,0,5,0,528509.0,9.271365293684687
23,2026-Q1,2026,1,19,17,1,1,0,533522.0,3.5612402112752615
23,2026-Q2,2026,2,18,17,0,1,0,533522.0,3.3738065159449846
24,2018-Q1,2018,1,5,5,0,0,0,380264.0,1.3148759808974817
24,2018-Q2,2018,2,0,0,0,0,0,380264.0,0.0
24,2018-Q3,2018,3,1,1,0,0,0,380264.0,0.26297519617949633
24,2018-Q4,2018,4,2,2,0,0,0,380264.0,0.5259503923589927
24,2019-Q1,2019,1,0,0,0,0,0,386955.0,0.0
24,2019-Q2,2019,2,1,1,0,0,0,386955.0,0.258427982581954
24,2019-Q3,2019,3,4,3,1,0,0,386955.0,1.033711930327816
24,2019-Q4,2019,4,3,3,0,0,0,386955.0,0.775283947745862
24,2020-Q1,2020,1,7,6,0,1,0,392510.0,1.783394053654684
24,2020-Q2,2020,2,3,2,0,1,0,392510.0,0.7643117372805789
24,2020-Q3,2020,3,1,1,0,0,0,392510.0,0.2547705790935263
24,2020-Q4,2020,4,4,4,0,0,0,392510.0,1.0190823163741052
24,2021-Q1,2021,1,7,6,1,0,0,396709.0,1.7645175682931318
24,2021-Q2,2021,2,12,11,0,1,0,396709.0,3.024887259931083
24,2021-Q3,2021,3,13,12,1,0,0,396709.0,3.276961198258673
24,2021-Q4,2021,4,14,13,0,1,0,396709.0,3.5290351365862636
24,2022-Q1,2022,1,15,15,0,0,0,399185.0,3.757656224557536
24,2022-Q2,2022,2,25,24,1,0,0,399185.0,6.26276037426256
24,2022-Q3,2022,3,29,27,1,1,0,399185.0,7.264802034144569
24,2022-Q4,2022,4,49,48,1,0,0,399185.0,12.275010333554617
24,2023-Q1,2023,1,49,48,0,1,0,400829.0,12.224664383066095
24,2023-Q2,2023,2,48,45,1,0,2,400829.0,11.97518143647291
24,2023-Q3,2023,3,64,63,1,0,0,400829.0,15.96690858196388
24,2023-Q4,2023,4,91,88,0,1,2,400829.0,22.702948139979892
24,2024-Q1,2024,1,50,50,0,0,0,403478.0,12.392249391540554
24,2024-Q2,2024,2,54,54,0,0,0,403478.0,13.383629342863799
24,2024-Q3,2024,3,37,35,0,0,2,403478.0,9.170264549740011
24,2024-Q4,2024,4,47,47,0,0,0,403478.0,11.648714428048121
24,2025-Q1,2025,1,61,59,0,2,0,406947.0,14.989666959088039
24,2025-Q2,2025,2,47,46,0,1,0,406947.0,11.549415525854718
24,2025-Q3,2025,3,57,55,0,2,0,406947.0,14.006737978164233
24,2025-Q4,2025,4,63,62,0,1,0,406947.0,15.481131449549942
24,2026-Q1,2026,1,37,37,0,0,0,410498.0,9.013442209219047
24,2026-Q2,2026,2,68,68,0,0,0,410498.0,16.565245141267436
