provincia,anio,poblacion,dpa_provin
Azuay,1990,536617.0,01
Bolívar,1990,171566.0,02
Cañar,1990,193313.0,03
Carchi,1990,162832.0,04
Cotopaxi,1990,304494.0,05
Chimborazo,1990,396849.0,06
El Oro,1990,438265.0,07
Esmeraldas,1990,358832.0,08
Guayas,1990,2476995.0,09
Imbabura,1990,296121.0,10
Loja,1990,418170.0,11
Los Ríos,1990,553101.0,12
Manabí,1990,1170128.0,13
Morona Santiago,1990,93465.0,14
Napo,1990,66883.0,15
Pastaza,1990,43378.0,16
Pichincha,1990,1631227.0,17
Tungurahua,1990,398867.0,18
Zamora,1990,67830.0,19
Galápagos,1990,10104.0,20
Sucumbíos,1990,77002.0,21
Orellana,1990,42814.0,22
Santo Domingo,1990,245297.0,23
Santa Elena,1990,179715.0,24
Azuay,1991,547159.0,01
Bolívar,1991,173963.0,02
Cañar,1991,196623.0,03
Carchi,1991,164778.0,04
Cotopaxi,1991,311000.0,05
Chimborazo,1991,403254.0,06
El Oro,1991,447999.0,07
Esmeraldas,1991,369212.0,08
Guayas,1991,2538418.0,09
Imbabura,1991,302418.0,10
Loja,1991,423495.0,11
Los Ríos,1991,564885.0,12
Manabí,1991,1189413.0,13
Morona Santiago,1991,96589.0,14
Napo,1991,68983.0,15
Pastaza,1991,44983.0,16
Pichincha,1991,1675809.0,17
Tungurahua,1991,406022.0,18
Zamora,1991,68553.0,19
Galápagos,1991,10682.0,20
Sucumbíos,1991,81289.0,21
Orellana,1991,46232.0,22
Santo Domingo,1991,252169.0,23
Santa Elena,1991,185147.0,24
Azuay,1992,556772.0,01
Bolívar,1992,176230.0,02
Cañar,1992,199454.0,03
Carchi,1992,166612.0,04
Cotopaxi,1992,317381.0,05
Chimborazo,1992,409502.0,06
El Oro,1992,457724.0,07
Esmeraldas,1992,379549.0,08
Guayas,1992,2598024.0,09
Imbabura,1992,308627.0,10
Loja,1992,428333.0,11
Los Ríos,1992,576286.0,12
Manabí,1992,1206153.0,13
Morona Santiago,1992,99658.0,14
Napo,1992,71095.0,15
Pastaza,1992,46621.0,16
Pichincha,1992,1719355.0,17
Tungurahua,1992,412768.0,18
Zamora,1992,69395.0,19
Galápagos,1992,11287.0,20
Sucumbíos,1992,85756.0,21
Orellana,1992,49878.0,22
Santo Domingo,1992,259250.0,23
Santa Elena,1992,190560.0,24
Azuay,1993,565352.0,01
Bolívar,1993,178381.0,02
Cañar,1993,201855.0,03
Carchi,1993,168375.0,04
Cotopaxi,1993,323632.0,05
Chimborazo,1993,415571.0,06
El Oro,1993,467393.0,07
Esmeraldas,1993,389802.0,08
Guayas,1993,2655535.0,09
Imbabura,1993,314758.0,10
Loja,1993,432675.0,11
Los Ríos,1993,587152.0,12
Manabí,1993,1220217.0,13
Morona Santiago,1993,102678.0,14
Napo,1993,73204.0,15
Pastaza,1993,48290.0,16
Pichincha,1993,1761489.0,17
Tungurahua,1993,419094.0,18
Zamora,1993,70317.0,19
Galápagos,1993,11918.0,20
Sucumbíos,1993,90381.0,21
Orellana,1993,53737.0,22
Santo Domingo,1993,266514.0,23
Santa Elena,1993,195922.0,24
Azuay,1994,573274.0,01
Bolívar,1994,180446.0,02
Cañar,1994,203907.0,03
Carchi,1994,170172.0,04
Cotopaxi,1994,329775.0,05
Chimborazo,1994,421391.0,06
El Oro,1994,477027.0,07
Esmeraldas,1994,399971.0,08
Guayas,1994,2712843.0,09
Imbabura,1994,320836.0,10
Loja,1994,436574.0,11
Los Ríos,1994,597817.0,12
Manabí,1994,1232424.0,13
Morona Santiago,1994,105665.0,14
Napo,1994,75290.0,15
Pastaza,1994,49992.0,16
Pichincha,1994,1803510.0,17
Tungurahua,1994,425099.0,18
Zamora,1994,71334.0,19
Galápagos,1994,12575.0,20
Sucumbíos,1994,95157.0,21
Orellana,1994,57801.0,22
Santo Domingo,1994,273984.0,23
Santa Elena,1994,201270.0,24
Azuay,1995,580747.0,01
Bolívar,1995,182452.0,02
Cañar,1995,205687.0,03
Carchi,1995,172118.0,04
Cotopaxi,1995,335834.0,05
Chimborazo,1995,426943.0,06
El Oro,1995,486638.0,07
Esmeraldas,1995,410046.0,08
Guayas,1995,2770810.0,09
Imbabura,1995,326893.0,10
Loja,1995,440100.0,11
Los Ríos,1995,608427.0,12
Manabí,1995,1243204.0,13
Morona Santiago,1995,108639.0,14
Napo,1995,77339.0,15
Pastaza,1995,51733.0,16
Pichincha,1995,1846339.0,17
Tungurahua,1995,430837.0,18
Zamora,1995,72448.0,19
Galápagos,1995,13262.0,20
Sucumbíos,1995,100071.0,21
Orellana,1995,62067.0,22
Santo Domingo,1995,281670.0,23
Santa Elena,1995,206633.0,24
Azuay,1996,587831.0,01
Bolívar,1996,184409.0,02
Cañar,1996,207263.0,03
Carchi,1996,174214.0,04
Cotopaxi,1996,341826.0,05
Chimborazo,1996,432210.0,06
El Oro,1996,496229.0,07
Esmeraldas,1996,420018.0,08
Guayas,1996,2829403.0,09
Imbabura,1996,332951.0,10
Loja,1996,443318.0,11
Los Ríos,1996,618972.0,12
Manabí,1996,1252658.0,13
Morona Santiago,1996,111620.0,14
Napo,1996,79344.0,15
Pastaza,1996,53514.0,16
Pichincha,1996,1890323.0,17
Tungurahua,1996,436374.0,18
Zamora,1996,73666.0,19
Galápagos,1996,13986.0,20
Sucumbíos,1996,105107.0,21
Orellana,1996,66526.0,22
Santo Domingo,1996,289568.0,23
Santa Elena,1996,212016.0,24
Azuay,1997,594550.0,01
Bolívar,1997,186322.0,02
Cañar,1997,208687.0,03
Carchi,1997,176221.0,04
Cotopaxi,1997,347742.0,05
Chimborazo,1997,437161.0,06
El Oro,1997,505769.0,07
Esmeraldas,1997,429843.0,08
Guayas,1997,2888250.0,09
Imbabura,1997,339018.0,10
Loja,1997,446283.0,11
Los Ríos,1997,629369.0,12
Manabí,1997,1260800.0,13
Morona Santiago,1997,114622.0,14
Napo,1997,81303.0,15
Pastaza,1997,55333.0,16
Pichincha,1997,1935462.0,17
Tungurahua,1997,441746.0,18
Zamora,1997,74981.0,19
Galápagos,1997,14758.0,20
Sucumbíos,1997,110241.0,21
Orellana,1997,71160.0,22
Santo Domingo,1997,297643.0,23
Santa Elena,1997,217418.0,24
Azuay,1998,601009.0,01
Bolívar,1998,188207.0,02
Cañar,1998,210012.0,03
Carchi,1998,177747.0,04
Cotopaxi,1998,353536.0,05
Chimborazo,1998,441764.0,06
El Oro,1998,515229.0,07
Esmeraldas,1998,439475.0,08
Guayas,1998,2947072.0,09
Imbabura,1998,345099.0,10
Loja,1998,449013.0,11
Los Ríos,1998,639589.0,12
Manabí,1998,1267754.0,13
Morona Santiago,1998,117650.0,14
Napo,1998,83211.0,15
Pastaza,1998,57189.0,16
Pichincha,1998,1981585.0,17
Tungurahua,1998,447007.0,18
Zamora,1998,76381.0,19
Galápagos,1998,15595.0,20
Sucumbíos,1998,115444.0,21
Orellana,1998,75945.0,22
Santo Domingo,1998,305850.0,23
Santa Elena,1998,222847.0,24
Azuay,1999,607392.0,01
Bolívar,1999,190087.0,02
Cañar,1999,211292.0,03
Carchi,1999,178469.0,04
Cotopaxi,1999,359149.0,05
Chimborazo,1999,446007.0,06
El Oro,1999,524612.0,07
Esmeraldas,1999,448881.0,08
Guayas,1999,3005756.0,09
Imbabura,1999,351208.0,10
Loja,1999,451543.0,11
Los Ríos,1999,649674.0,12
Manabí,1999,1273773.0,13
Morona Santiago,1999,120707.0,14
Napo,1999,85075.0,15
Pastaza,1999,59084.0,16
Pichincha,1999,2028354.0,17
Tungurahua,1999,452232.0,18
Zamora,1999,77856.0,19
Galápagos,1999,16500.0,20
Sucumbíos,1999,120691.0,21
Orellana,1999,80845.0,22
Santo Domingo,1999,314167.0,23
Santa Elena,1999,228340.0,24
Azuay,2000,613355.0,01
Bolívar,2000,191962.0,02
Cañar,2000,212575.0,03
Carchi,2000,178395.0,04
Cotopaxi,2000,364516.0,05
Chimborazo,2000,449866.0,06
El Oro,2000,533882.0,07
Esmeraldas,2000,458022.0,08
Guayas,2000,3061826.0,09
Imbabura,2000,357361.0,10
Loja,2000,453820.0,11
Los Ríos,2000,659142.0,12
Manabí,2000,1278102.0,13
Morona Santiago,2000,123791.0,14
Napo,2000,86910.0,15
Pastaza,2000,61011.0,16
Pichincha,2000,2073661.0,17
Tungurahua,2000,457331.0,18
Zamora,2000,79389.0,19
Galápagos,2000,17476.0,20
Sucumbíos,2000,125937.0,21
Orellana,2000,85815.0,22
Santo Domingo,2000,322536.0,23
Santa Elena,2000,233893.0,24
Azuay,2001,619741.0,01
Bolívar,2001,193794.0,02
Cañar,2001,213914.0,03
Carchi,2001,177822.0,04
Cotopaxi,2001,369647.0,05
Chimborazo,2001,453366.0,06
El Oro,2001,543132.0,07
Esmeraldas,2001,466956.0,08
Guayas,2001,3119134.0,09
Imbabura,2001,363558.0,10
Loja,2001,455946.0,11
Los Ríos,2001,668881.0,12
Manabí,2001,1282463.0,13
Morona Santiago,2001,126679.0,14
Napo,2001,88763.0,15
Pastaza,2001,62997.0,16
Pichincha,2001,2119884.0,17
Tungurahua,2001,462473.0,18
Zamora,2001,80972.0,19
Galápagos,2001,18487.0,20
Sucumbíos,2001,131204.0,21
Orellana,2001,90836.0,22
Santo Domingo,2001,331036.0,23
Santa Elena,2001,239682.0,24
Azuay,2002,627793.0,01
Bolívar,2002,195475.0,02
Cañar,2002,215322.0,03
Carchi,2002,176966.0,04
Cotopaxi,2002,374590.0,05
Chimborazo,2002,456521.0,06
El Oro,2002,552420.0,07
Esmeraldas,2002,475737.0,08
Guayas,2002,3183617.0,09
Imbabura,2002,369758.0,10
Loja,2002,458083.0,11
Los Ríos,2002,680047.0,12
Manabí,2002,1289492.0,13
Morona Santiago,2002,129389.0,14
Napo,2002,90768.0,15
Pastaza,2002,65175.0,16
Pichincha,2002,2171303.0,17
Tungurahua,2002,467959.0,18
Zamora,2002,82589.0,19
Galápagos,2002,19461.0,20
Sucumbíos,2002,136576.0,21
Orellana,2002,95956.0,22
Santo Domingo,2002,339761.0,23
Santa Elena,2002,245910.0,24
Azuay,2003,636968.0,01
Bolívar,2003,197061.0,02
Cañar,2003,216793.0,03
Carchi,2003,175921.0,04
Cotopaxi,2003,379395.0,05
Chimborazo,2003,459349.0,06
El Oro,2003,561634.0,07
Esmeraldas,2003,484341.0,08
Guayas,2003,3252114.0,09
Imbabura,2003,376059.0,10
Loja,2003,460227.0,11
Los Ríos,2003,691959.0,12
Manabí,2003,1298525.0,13
Morona Santiago,2003,132187.0,14
Napo,2003,92907.0,15
Pastaza,2003,67514.0,16
Pichincha,2003,2225879.0,17
Tungurahua,2003,473764.0,18
Zamora,2003,84223.0,19
Galápagos,2003,20357.0,20
Sucumbíos,2003,142222.0,21
Orellana,2003,101150.0,22
Santo Domingo,2003,348620.0,23
Santa Elena,2003,252584.0,24
Azuay,2004,646636.0,01
Bolívar,2004,198574.0,02
Cañar,2004,218333.0,03
Carchi,2004,174826.0,04
Cotopaxi,2004,384131.0,05
Chimborazo,2004,461903.0,06
El Oro,2004,570687.0,07
Esmeraldas,2004,492712.0,08
Guayas,2004,3321158.0,09
Imbabura,2004,382473.0,10
Loja,2004,462435.0,11
Los Ríos,2004,704081.0,12
Manabí,2004,1308827.0,13
Morona Santiago,2004,135093.0,14
Napo,2004,95063.0,15
Pastaza,2004,69882.0,16
Pichincha,2004,2281281.0,17
Tungurahua,2004,479833.0,18
Zamora,2004,85862.0,19
Galápagos,2004,21183.0,20
Sucumbíos,2004,147997.0,21
Orellana,2004,106369.0,22
Santo Domingo,2004,357561.0,23
Santa Elena,2004,259695.0,24
Azuay,2005,656724.0,01
Bolívar,2005,199935.0,02
Cañar,2005,219926.0,03
Carchi,2005,173907.0,04
Cotopaxi,2005,388825.0,05
Chimborazo,2005,464133.0,06
El Oro,2005,579521.0,07
Esmeraldas,2005,500681.0,08
Guayas,2005,3390632.0,09
Imbabura,2005,388853.0,10
Loja,2005,464756.0,11
Los Ríos,2005,717148.0,12
Manabí,2005,1320652.0,13
Morona Santiago,2005,138100.0,14
Napo,2005,97190.0,15
Pastaza,2005,72273.0,16
Pichincha,2005,2337494.0,17
Tungurahua,2005,485189.0,18
Zamora,2005,87486.0,19
Galápagos,2005,21943.0,20
Sucumbíos,2005,153561.0,21
Orellana,2005,111617.0,22
Santo Domingo,2005,366585.0,23
Santa Elena,2005,267220.0,24
Azuay,2006,667684.0,01
Bolívar,2006,201191.0,02
Cañar,2006,221557.0,03
Carchi,2006,173263.0,04
Cotopaxi,2006,393489.0,05
Chimborazo,2006,466131.0,06
El Oro,2006,588161.0,07
Esmeraldas,2006,508103.0,08
Guayas,2006,3463165.0,09
Imbabura,2006,395171.0,10
Loja,2006,467250.0,11
Los Ríos,2006,731901.0,12
Manabí,2006,1335085.0,13
Morona Santiago,2006,141207.0,14
Napo,2006,99291.0,15
Pastaza,2006,74684.0,16
Pichincha,2006,2396630.0,17
Tungurahua,2006,490016.0,18
Zamora,2006,89081.0,19
Galápagos,2006,22658.0,20
Sucumbíos,2006,158870.0,21
Orellana,2006,116918.0,22
Santo Domingo,2006,375704.0,23
Santa Elena,2006,275159.0,24
Azuay,2007,679102.0,01
Bolívar,2007,202387.0,02
Cañar,2007,223245.0,03
Carchi,2007,172791.0,04
Cotopaxi,2007,398204.0,05
Chimborazo,2007,468194.0,06
El Oro,2007,596717.0,07
Esmeraldas,2007,515070.0,08
Guayas,2007,3536878.0,09
Imbabura,2007,401491.0,10
Loja,2007,470011.0,11
Los Ríos,2007,746358.0,12
Manabí,2007,1351507.0,13
Morona Santiago,2007,144439.0,14
Napo,2007,101423.0,15
Pastaza,2007,77158.0,16
Pichincha,2007,2457556.0,17
Tungurahua,2007,495417.0,18
Zamora,2007,90651.0,19
Galápagos,2007,23355.0,20
Sucumbíos,2007,163941.0,21
Orellana,2007,122296.0,22
Santo Domingo,2007,385049.0,23
Santa Elena,2007,283546.0,24
Azuay,2008,690253.0,01
Bolívar,2008,203574.0,02
Cañar,2008,224996.0,03
Carchi,2008,172349.0,04
Cotopaxi,2008,403026.0,05
Chimborazo,2008,470532.0,06
El Oro,2008,605244.0,07
Esmeraldas,2008,521765.0,08
Guayas,2008,3608531.0,09
Imbabura,2008,407834.0,10
Loja,2008,473059.0,11
Los Ríos,2008,759674.0,12
Manabí,2008,1368603.0,13
Morona Santiago,2008,147818.0,14
Napo,2008,103580.0,15
Pastaza,2008,79723.0,16
Pichincha,2008,2517379.0,17
Tungurahua,2008,501259.0,18
Zamora,2008,92191.0,19
Galápagos,2008,24050.0,20
Sucumbíos,2008,168800.0,21
Orellana,2008,127734.0,22
Santo Domingo,2008,394740.0,23
Santa Elena,2008,292376.0,24
Azuay,2009,701608.0,01
Bolívar,2009,204794.0,02
Cañar,2009,226754.0,03
Carchi,2009,171859.0,04
Cotopaxi,2009,407973.0,05
Chimborazo,2009,473097.0,06
El Oro,2009,613956.0,07
Esmeraldas,2009,528305.0,08
Guayas,2009,3680997.0,09
Imbabura,2009,414105.0,10
Loja,2009,476310.0,11
Los Ríos,2009,774772.0,12
Manabí,2009,1387168.0,13
Morona Santiago,2009,151325.0,14
Napo,2009,105743.0,15
Pastaza,2009,82339.0,16
Pichincha,2009,2577041.0,17
Tungurahua,2009,507371.0,18
Zamora,2009,93682.0,19
Galápagos,2009,24743.0,20
Sucumbíos,2009,173440.0,21
Orellana,2009,132694.0,22
Santo Domingo,2009,404760.0,23
Santa Elena,2009,301557.0,24
Azuay,2010,713534.0,01
Bolívar,2010,206027.0,02
Cañar,2010,228397.0,03
Carchi,2010,171394.0,04
Cotopaxi,2010,413190.0,05
Chimborazo,2010,476054.0,06
El Oro,2010,623388.0,07
Esmeraldas,2010,534870.0,08
Guayas,2010,3757390.0,09
Imbabura,2010,420326.0,10
Loja,2010,479779.0,11
Los Ríos,2010,790954.0,12
Manabí,2010,1407769.0,13
Morona Santiago,2010,154863.0,14
Napo,2010,107920.0,15
Pastaza,2010,84980.0,16
Pichincha,2010,2637329.0,17
Tungurahua,2010,513731.0,18
Zamora,2010,95129.0,19
Galápagos,2010,25434.0,20
Sucumbíos,2010,177907.0,21
Orellana,2010,137128.0,22
Santo Domingo,2010,415122.0,23
Santa Elena,2010,311046.0,24
Azuay,2011,726056.0,01
Bolívar,2011,207184.0,02
Cañar,2011,229942.0,03
Carchi,2011,171128.0,04
Cotopaxi,2011,418810.0,05
Chimborazo,2011,479597.0,06
El Oro,2011,634041.0,07
Esmeraldas,2011,541579.0,08
Guayas,2011,3838066.0,09
Imbabura,2011,426549.0,10
Loja,2011,483442.0,11
Los Ríos,2011,805905.0,12
Manabí,2011,1430513.0,13
Morona Santiago,2011,158445.0,14
Napo,2011,110129.0,15
Pastaza,2011,87631.0,16
Pichincha,2011,2697956.0,17
Tungurahua,2011,520490.0,18
Zamora,2011,96698.0,19
Galápagos,2011,26047.0,20
Sucumbíos,2011,182295.0,21
Orellana,2011,141565.0,22
Santo Domingo,2011,426014.0,23
Santa Elena,2011,320505.0,24
Azuay,2012,738618.0,01
Bolívar,2012,208221.0,02
Cañar,2012,231463.0,03
Carchi,2012,171217.0,04
Cotopaxi,2012,424778.0,05
Chimborazo,2012,483513.0,06
El Oro,2012,645847.0,07
Esmeraldas,2012,548360.0,08
Guayas,2012,3919413.0,09
Imbabura,2012,432916.0,10
Loja,2012,486872.0,11
Los Ríos,2012,821167.0,12
Manabí,2012,1454264.0,13
Morona Santiago,2012,162242.0,14
Napo,2012,112423.0,15
Pastaza,2012,90291.0,16
Pichincha,2012,2757228.0,17
Tungurahua,2012,527377.0,18
Zamora,2012,98526.0,19
Galápagos,2012,26446.0,20
Sucumbíos,2012,186604.0,21
Orellana,2012,146050.0,22
Santo Domingo,2012,437329.0,23
Santa Elena,2012,329385.0,24
Azuay,2013,750773.0,01
Bolívar,2013,209135.0,02
Cañar,2013,232919.0,03
Carchi,2013,171853.0,04
Cotopaxi,2013,431025.0,05
Chimborazo,2013,487594.0,06
El Oro,2013,658347.0,07
Esmeraldas,2013,555119.0,08
Guayas,2013,3999190.0,09
Imbabura,2013,439391.0,10
Loja,2013,489889.0,11
Los Ríos,2013,836329.0,12
Manabí,2013,1478110.0,13
Morona Santiago,2013,166198.0,14
Napo,2013,114834.0,15
Pastaza,2013,92987.0,16
Pichincha,2013,2814805.0,17
Tungurahua,2013,534101.0,18
Zamora,2013,100449.0,19
Galápagos,2013,26718.0,20
Sucumbíos,2013,190537.0,21
Orellana,2013,150562.0,22
Santo Domingo,2013,448690.0,23
Santa Elena,2013,337959.0,24
Azuay,2014,762789.0,01
Bolívar,2014,209857.0,02
Cañar,2014,234252.0,03
Carchi,2014,173227.0,04
Cotopaxi,2014,437423.0,05
Chimborazo,2014,491540.0,06
El Oro,2014,670987.0,07
Esmeraldas,2014,561698.0,08
Guayas,2014,4078939.0,09
Imbabura,2014,445695.0,10
Loja,2014,492523.0,11
Los Ríos,2014,851841.0,12
Manabí,2014,1502715.0,13
Morona Santiago,2014,170152.0,14
Napo,2014,117286.0,15
Pastaza,2014,95685.0,16
Pichincha,2014,2872795.0,17
Tungurahua,2014,540609.0,18
Zamora,2014,102330.0,19
Galápagos,2014,26998.0,20
Sucumbíos,2014,193781.0,21
Orellana,2014,155007.0,22
Santo Domingo,2014,459607.0,23
Santa Elena,2014,346630.0,24
Azuay,2015,774638.0,01
Bolívar,2015,210330.0,02
Cañar,2015,235419.0,03
Carchi,2015,175302.0,04
Cotopaxi,2015,443863.0,05
Chimborazo,2015,495036.0,06
El Oro,2015,683445.0,07
Esmeraldas,2015,567967.0,08
Guayas,2015,4158440.0,09
Imbabura,2015,451794.0,10
Loja,2015,494669.0,11
Los Ríos,2015,867790.0,12
Manabí,2015,1527909.0,13
Morona Santiago,2015,174078.0,14
Napo,2015,119718.0,15
Pastaza,2015,98370.0,16
Pichincha,2015,2931254.0,17
Tungurahua,2015,546729.0,18
Zamora,2015,104161.0,19
Galápagos,2015,27284.0,20
Sucumbíos,2015,196773.0,21
Orellana,2015,159355.0,22
Santo Domingo,2015,469484.0,23
Santa Elena,2015,355363.0,24
Azuay,2016,785615.0,01
Bolívar,2016,210502.0,02
Cañar,2016,236406.0,03
Carchi,2016,177819.0,04
Cotopaxi,2016,450184.0,05
Chimborazo,2016,497820.0,06
El Oro,2016,695673.0,07
Esmeraldas,2016,573816.0,08
Guayas,2016,4235294.0,09
Imbabura,2016,457639.0,10
Loja,2016,496260.0,11
Los Ríos,2016,883393.0,12
Manabí,2016,1552094.0,13
Morona Santiago,2016,177950.0,14
Napo,2016,122096.0,15
Pastaza,2016,101047.0,16
Pichincha,2016,2987359.0,17
Tungurahua,2016,552241.0,18
Zamora,2016,105922.0,19
Galápagos,2016,27579.0,20
Sucumbíos,2016,199696.0,21
Orellana,2016,163582.0,22
Santo Domingo,2016,478160.0,23
Santa Elena,2016,364118.0,24
Azuay,2017,796212.0,01
Bolívar,2017,210337.0,02
Cañar,2017,237181.0,03
Carchi,2017,180357.0,04
Cotopaxi,2017,456171.0,05
Chimborazo,2017,499658.0,06
El Oro,2017,707579.0,07
Esmeraldas,2017,579132.0,08
Guayas,2017,4315276.0,09
Imbabura,2017,463284.0,10
Loja,2017,497317.0,11
Los Ríos,2017,899364.0,12
Manabí,2017,1576190.0,13
Morona Santiago,2017,181784.0,14
Napo,2017,124453.0,15
Pastaza,2017,103642.0,16
Pichincha,2017,3043523.0,17
Tungurahua,2017,557286.0,18
Zamora,2017,107662.0,19
Galápagos,2017,27883.0,20
Sucumbíos,2017,202373.0,21
Orellana,2017,167616.0,22
Santo Domingo,2017,485919.0,23
Santa Elena,2017,372604.0,24
Azuay,2018,808420.0,01
Bolívar,2018,209822.0,02
Cañar,2018,237689.0,03
Carchi,2018,182430.0,04
Cotopaxi,2018,461715.0,05
Chimborazo,2018,500340.0,06
El Oro,2018,718677.0,07
Esmeraldas,2018,583774.0,08
Guayas,2018,4410700.0,09
Imbabura,2018,468835.0,10
Loja,2018,497863.0,11
Los Ríos,2018,917992.0,12
Manabí,2018,1604308.0,13
Morona Santiago,2018,185624.0,14
Napo,2018,126836.0,15
Pastaza,2018,105998.0,16
Pichincha,2018,3107396.0,17
Tungurahua,2018,562196.0,18
Zamora,2018,109489.0,19
Galápagos,2018,28205.0,20
Sucumbíos,2018,204827.0,21
Orellana,2018,171519.0,22
Santo Domingo,2018,492964.0,23
Santa Elena,2018,380264.0,24
Azuay,2019,820239.0,01
Bolívar,2019,209046.0,02
Cañar,2019,237967.0,03
Carchi,2019,183616.0,04
Cotopaxi,2019,466924.0,05
Chimborazo,2019,499939.0,06
El Oro,2019,728281.0,07
Esmeraldas,2019,587721.0,08
Guayas,2019,4509756.0,09
Imbabura,2019,474152.0,10
Loja,2019,497948.0,11
Los Ríos,2019,936316.0,12
Manabí,2019,1633131.0,13
Morona Santiago,2019,189402.0,14
Napo,2019,129165.0,15
Pastaza,2019,108179.0,16
Pichincha,2019,3170064.0,17
Tungurahua,2019,566737.0,18
Zamora,2019,111300.0,19
Galápagos,2019,28530.0,20
Sucumbíos,2019,206756.0,21
Orellana,2019,175338.0,22
Santo Domingo,2019,499418.0,23
Santa Elena,2019,386955.0,24
Azuay,2020,825590.0,01
Bolívar,2020,207926.0,02
Cañar,2020,238020.0,03
Carchi,2020,183603.0,04
Cotopaxi,2020,471628.0,05
Chimborazo,2020,498371.0,06
El Oro,2020,734775.0,07
Esmeraldas,2020,590909.0,08
Guayas,2020,4568499.0,09
Imbabura,2020,478631.0,10
Loja,2020,497465.0,11
Los Ríos,2020,945760.0,12
Manabí,2020,1650334.0,13
Morona Santiago,2020,192900.0,14
Napo,2020,131206.0,15
Pastaza,2020,110462.0,16
Pichincha,2020,3204953.0,17
Tungurahua,2020,569872.0,18
Zamora,2020,112755.0,19
Galápagos,2020,28842.0,20
Sucumbíos,2020,207715.0,21
Orellana,2020,179067.0,22
Santo Domingo,2020,504662.0,23
Santa Elena,2020,392510.0,24
Azuay,2021,825773.0,01
Bolívar,2021,206608.0,02
Cañar,2021,237790.0,03
Carchi,2021,182445.0,04
Cotopaxi,2021,475870.0,05
Chimborazo,2021,495781.0,06
El Oro,2021,738399.0,07
Esmeraldas,2021,593324.0,08
Guayas,2021,4601037.0,09
Imbabura,2021,482224.0,10
Loja,2021,496526.0,11
Los Ríos,2021,948792.0,12
Manabí,2021,1659426.0,13
Morona Santiago,2021,196157.0,14
Napo,2021,132987.0,15
Pastaza,2021,112771.0,16
Pichincha,2021,3217582.0,17
Tungurahua,2021,571693.0,18
Zamora,2021,113912.0,19
Galápagos,2021,29148.0,20
Sucumbíos,2021,207728.0,21
Orellana,2021,182673.0,22
Santo Domingo,2021,509041.0,23
Santa Elena,2021,396709.0,24
Azuay,2022,826246.0,01
Bolívar,2022,205544.0,02
Cañar,2022,237584.0,03
Carchi,2022,180776.0,04
Cotopaxi,2022,480270.0,05
Chimborazo,2022,493084.0,06
El Oro,2022,741473.0,07
Esmeraldas,2022,595674.0,08
Guayas,2022,4643432.0,09
Imbabura,2022,485913.0,10
Loja,2022,496194.0,11
Los Ríos,2022,953060.0,12
Manabí,2022,1670700.0,13
Morona Santiago,2022,199453.0,14
Napo,2022,134768.0,15
Pastaza,2022,114969.0,16
Pichincha,2022,3231547.0,17
Tungurahua,2022,573786.0,18
Zamora,2022,115101.0,19
Galápagos,2022,29463.0,20
Sucumbíos,2022,207221.0,21
Orellana,2022,186166.0,22
Santo Domingo,2022,513692.0,23
Santa Elena,2022,399185.0,24
Azuay,2023,828172.0,01
Bolívar,2023,204819.0,02
Cañar,2023,237527.0,03
Carchi,2023,179142.0,04
Cotopaxi,2023,484792.0,05
Chimborazo,2023,490774.0,06
El Oro,2023,744811.0,07
Esmeraldas,2023,598430.0,08
Guayas,2023,4690613.0,09
Imbabura,2023,489961.0,10
Loja,2023,496685.0,11
Los Ríos,2023,959805.0,12
Manabí,2023,1684317.0,13
Morona Santiago,2023,202851.0,14
Napo,2023,136622.0,15
Pastaza,2023,117062.0,16
Pichincha,2023,3250537.0,17
Tungurahua,2023,576407.0,18
Zamora,2023,116363.0,19
Galápagos,2023,29808.0,20
Sucumbíos,2023,206360.0,21
Orellana,2023,189568.0,22
Santo Domingo,2023,518576.0,23
Santa Elena,2023,400829.0,24
Azuay,2024,831220.0,01
Bolívar,2024,204410.0,02
Cañar,2024,237470.0,03
Carchi,2024,177813.0,04
Cotopaxi,2024,489147.0,05
Chimborazo,2024,488857.0,06
El Oro,2024,748627.0,07
Esmeraldas,2024,601626.0,08
Guayas,2024,4739771.0,09
Imbabura,2024,494035.0,10
Loja,2024,497438.0,11
Los Ríos,2024,968660.0,12
Manabí,2024,1699434.0,13
Morona Santiago,2024,206327.0,14
Napo,2024,138541.0,15
Pastaza,2024,119032.0,16
Pichincha,2024,3272265.0,17
Tungurahua,2024,579082.0,18
Zamora,2024,117650.0,19
Galápagos,2024,30082.0,20
Sucumbíos,2024,205253.0,21
Orellana,2024,192831.0,22
Santo Domingo,2024,523524.0,23
Santa Elena,2024,403478.0,24
Azuay,2025,834958.0,01
Bolívar,2025,204351.0,02
Cañar,2025,237460.0,03
Carchi,2025,177020.0,04
Cotopaxi,2025,493382.0,05
Chimborazo,2025,487355.0,06
El Oro,2025,753036.0,07
Esmeraldas,2025,605377.0,08
Guayas,2025,4788157.0,09
Imbabura,2025,498140.0,10
Loja,2025,498457.0,11
Los Ríos,2025,978487.0,12
Manabí,2025,1715057.0,13
Morona Santiago,2025,209875.0,14
Napo,2025,140498.0,15
Pastaza,2025,120932.0,16
Pichincha,2025,3294478.0,17
Tungurahua,2025,581842.0,18
Zamora,2025,118936.0,19
Galápagos,2025,30265.0,20
Sucumbíos,2025,204121.0,21
Orellana,2025,196020.0,22
Santo Domingo,2025,528509.0,23
Santa Elena,2025,406947.0,24
Azuay,2026,839268.0,01
Bolívar,2026,204620.0,02
Cañar,2026,237517.0,03
Carchi,2026,176748.0,04
Cotopaxi,2026,497544.0,05
Chimborazo,2026,486213.0,06
El Oro,2026,757938.0,07
Esmeraldas,2026,609590.0,08
Guayas,2026,4835479.0,09
Imbabura,2026,502275.0,10
Loja,2026,499729.0,11
Los Ríos,2026,988852.0,12
Manabí,2026,1731039.0,13
Morona Santiago,2026,213457.0,14
Napo,2026,142465.0,15
Pastaza,2026,122784.0,16
Pichincha,2026,3316636.0,17
Tungurahua,2026,584638.0,18
Zamora,2026,120221.0,19
Galápagos,2026,30448.0,20
Sucumbíos,2026,203164.0,21
Orellana,2026,199171.0,22
Santo Domingo,2026,533522.0,23
Santa Elena,2026,410498.0,24
Azuay,2027,843983.0,01
Bolívar,2027,205236.0,02
Cañar,2027,237644.0,03
Carchi,2027,176815.0,04
Cotopaxi,2027,501668.0,05
Chimborazo,2027,485374.0,06
El Oro,2027,763142.0,07
Esmeraldas,2027,614103.0,08
Guayas,2027,4881910.0,09
Imbabura,2027,506433.0,10
Loja,2027,501237.0,11
Los Ríos,2027,999496.0,12
Manabí,2027,1747273.0,13
Morona Santiago,2027,217066.0,14
Napo,2027,144438.0,15
Pastaza,2027,124603.0,16
Pichincha,2027,3338444.0,17
Tungurahua,2027,587499.0,18
Zamora,2027,121502.0,19
Galápagos,2027,30632.0,20
Sucumbíos,2027,202499.0,21
Orellana,2027,202301.0,22
Santo Domingo,2027,538564.0,23
Santa Elena,2027,414113.0,24
Azuay,2028,848908.0,01
Bolívar,2028,206159.0,02
Cañar,2028,237847.0,03
Carchi,2028,177057.0,04
Cotopaxi,2028,505776.0,05
Chimborazo,2028,484851.0,06
El Oro,2028,768493.0,07
Esmeraldas,2028,618819.0,08
Guayas,2028,4927443.0,09
Imbabura,2028,510612.0,10
Loja,2028,502958.0,11
Los Ríos,2028,1010214.0,12
Manabí,2028,1763587.0,13
Morona Santiago,2028,220689.0,14
Napo,2028,146405.0,15
Pastaza,2028,126399.0,16
Pichincha,2028,3359670.0,17
Tungurahua,2028,590528.0,18
Zamora,2028,122777.0,19
Galápagos,2028,30818.0,20
Sucumbíos,2028,202158.0,21
Orellana,2028,205426.0,22
Santo Domingo,2028,543632.0,23
Santa Elena,2028,417895.0,24
Azuay,2029,853919.0,01
Bolívar,2029,207239.0,02
Cañar,2029,238122.0,03
Carchi,2029,177391.0,04
Cotopaxi,2029,509882.0,05
Chimborazo,2029,484610.0,06
El Oro,2029,773921.0,07
Esmeraldas,2029,623727.0,08
Guayas,2029,4972085.0,09
Imbabura,2029,514811.0,10
Loja,2029,504877.0,11
Los Ríos,2029,1020899.0,12
Manabí,2029,1779878.0,13
Morona Santiago,2029,224319.0,14
Napo,2029,148362.0,15
Pastaza,2029,128181.0,16
Pichincha,2029,3380169.0,17
Tungurahua,2029,593715.0,18
Zamora,2029,124048.0,19
Galápagos,2029,31012.0,20
Sucumbíos,2029,202122.0,21
Orellana,2029,208557.0,22
Santo Domingo,2029,548727.0,23
Santa Elena,2029,421883.0,24
Azuay,2030,858961.0,01
Bolívar,2030,208379.0,02
Cañar,2030,238470.0,03
Carchi,2030,177811.0,04
Cotopaxi,2030,513992.0,05
Chimborazo,2030,484622.0,06
El Oro,2030,779385.0,07
Esmeraldas,2030,628809.0,08
Guayas,2030,5015951.0,09
Imbabura,2030,519031.0,10
Loja,2030,506972.0,11
Los Ríos,2030,1031514.0,12
Manabí,2030,1796104.0,13
Morona Santiago,2030,227950.0,14
Napo,2030,150314.0,15
Pastaza,2030,129953.0,16
Pichincha,2030,3399908.0,17
Tungurahua,2030,596994.0,18
Zamora,2030,125314.0,19
Galápagos,2030,31221.0,20
Sucumbíos,2030,202351.0,21
Orellana,2030,211694.0,22
Santo Domingo,2030,553855.0,23
Santa Elena,2030,425942.0,24
Azuay,2031,864010.0,01
Bolívar,2031,209531.0,02
Cañar,2031,238887.0,03
Carchi,2031,178305.0,04
Cotopaxi,2031,518096.0,05
Chimborazo,2031,484855.0,06
El Oro,2031,784854.0,07
Esmeraldas,2031,634044.0,08
Guayas,2031,5059071.0,09
Imbabura,2031,523264.0,10
Loja,2031,509243.0,11
Los Ríos,2031,1042032.0,12
Manabí,2031,1812219.0,13
Morona Santiago,2031,231573.0,14
Napo,2031,152260.0,15
Pastaza,2031,131717.0,16
Pichincha,2031,3418947.0,17
Tungurahua,2031,600304.0,18
Zamora,2031,126578.0,19
Galápagos,2031,31433.0,20
Sucumbíos,2031,202810.0,21
Orellana,2031,214839.0,22
Santo Domingo,2031,559012.0,23
Santa Elena,2031,430040.0,24
Azuay,2032,869042.0,01
Bolívar,2032,210664.0,02
Cañar,2032,239367.0,03
Carchi,2032,178864.0,04
Cotopaxi,2032,522184.0,05
Chimborazo,2032,485283.0,06
El Oro,2032,790306.0,07
Esmeraldas,2032,639410.0,08
Guayas,2032,5101432.0,09
Imbabura,2032,527499.0,10
Loja,2032,511667.0,11
Los Ríos,2032,1052432.0,12
Manabí,2032,1828175.0,13
Morona Santiago,2032,235181.0,14
Napo,2032,154200.0,15
Pastaza,2032,133478.0,16
Pichincha,2032,3437380.0,17
Tungurahua,2032,603607.0,18
Zamora,2032,127839.0,19
Galápagos,2032,31645.0,20
Sucumbíos,2032,203471.0,21
Orellana,2032,217989.0,22
Santo Domingo,2032,564193.0,23
Santa Elena,2032,434170.0,24
Azuay,2033,874050.0,01
Bolívar,2033,211770.0,02
Cañar,2033,239911.0,03
Carchi,2033,179482.0,04
Cotopaxi,2033,526253.0,05
Chimborazo,2033,485889.0,06
El Oro,2033,795732.0,07
Esmeraldas,2033,644893.0,08
Guayas,2033,5143014.0,09
Imbabura,2033,531735.0,10
Loja,2033,514216.0,11
Los Ríos,2033,1062718.0,12
Manabí,2033,1843945.0,13
Morona Santiago,2033,238767.0,14
Napo,2033,156134.0,15
Pastaza,2033,135236.0,16
Pichincha,2033,3455019.0,17
Tungurahua,2033,606908.0,18
Zamora,2033,129096.0,19
Galápagos,2033,31866.0,20
Sucumbíos,2033,204308.0,21
Orellana,2033,221141.0,22
Santo Domingo,2033,569392.0,23
Santa Elena,2033,438284.0,24
Azuay,2034,879038.0,01
Bolívar,2034,212848.0,02
Cañar,2034,240514.0,03
Carchi,2034,180153.0,04
Cotopaxi,2034,530295.0,05
Chimborazo,2034,486649.0,06
El Oro,2034,801122.0,07
Esmeraldas,2034,650470.0,08
Guayas,2034,5183796.0,09
Imbabura,2034,535965.0,10
Loja,2034,516875.0,11
Los Ríos,2034,1072892.0,12
Manabí,2034,1859509.0,13
Morona Santiago,2034,242327.0,14
Napo,2034,158061.0,15
Pastaza,2034,136997.0,16
Pichincha,2034,3471715.0,17
Tungurahua,2034,610212.0,18
Zamora,2034,130349.0,19
Galápagos,2034,32086.0,20
Sucumbíos,2034,205300.0,21
Orellana,2034,224294.0,22
Santo Domingo,2034,574603.0,23
Santa Elena,2034,442382.0,24
Azuay,2035,883986.0,01
Bolívar,2035,213891.0,02
Cañar,2035,241165.0,03
Carchi,2035,180866.0,04
Cotopaxi,2035,534292.0,05
Chimborazo,2035,487539.0,06
El Oro,2035,806453.0,07
Esmeraldas,2035,656106.0,08
Guayas,2035,5223660.0,09
Imbabura,2035,540169.0,10
Loja,2035,519617.0,11
Los Ríos,2035,1082936.0,12
Manabí,2035,1874824.0,13
Morona Santiago,2035,245850.0,14
Napo,2035,159975.0,15
Pastaza,2035,138757.0,16
Pichincha,2035,3487672.0,17
Tungurahua,2035,613505.0,18
Zamora,2035,131593.0,19
Galápagos,2035,32318.0,20
Sucumbíos,2035,206431.0,21
Orellana,2035,227437.0,22
Santo Domingo,2035,579809.0,23
Santa Elena,2035,446452.0,24
